Student_ID,Age,Gender,Sleep_Hours,Social_Hours,Physical_Activity,Extracurricular_Hours,Study_Hours,Stress_Level,Sleep_Quality
1,24,Other,8.7,2.8,1.8,3.8,6.9,Moderate,9
2,21,Male,8,4.2,3,3.5,5.3,Low,9
3,22,Male,9.2,1.2,4.6,3.9,5.1,Low,8
4,24,Other,7.2,1.7,6.5,2.1,6.5,Moderate,8
5,20,Male,6.5,2.2,6.6,0.6,8.1,High,6
6,25,Other,8,0.3,7.6,2.1,6,Moderate,8
7,22,Female,5.3,5.7,4.3,0.7,8,High,5
8,22,Male,5.6,3,5.2,1.8,8.4,High,5
9,24,Female,6.3,4,4.9,3.6,5.2,Low,8
10,19,Other,9.8,4.5,1.3,0.7,7.7,Moderate,6
11,20,Female,8,2.5,0.2,3.6,9.7,High,7
12,24,Female,9.1,2.1,4.8,1.1,6.9,Moderate,7
13,20,Other,5.7,4.8,4.9,2.2,6.4,High,5
14,20,Female,8.5,4.4,2.8,3.3,5,Low,9
15,25,Female,6.8,0.7,7.3,0.3,8.9,High,6
16,22,Other,6.6,2,8.4,0.3,6.7,Moderate,7
17,21,Female,9.4,1.6,1.8,2.6,8.6,High,7
18,25,Other,8.9,2,2.1,2.2,8.8,High,8
19,25,Female,5.1,0.6,9,1.7,7.6,High,5
20,20,Other,9.5,1.5,4.4,2,6.6,Moderate,7
21,23,Other,6.1,0.5,7.3,3,7.1,Moderate,6
22,22,Female,8.2,2.6,0.4,3.2,9.6,High,7
23,19,Female,9.5,2.6,2.2,0.7,9,High,7
24,25,Female,9.1,5.2,1.9,1.7,6.1,Moderate,7
25,21,Male,7.1,1.3,8.6,2,5,Low,9
26,23,Male,7.6,3.8,1.6,1.3,9.7,High,8
27,23,Male,9.8,0.9,2.6,3.9,6.8,Moderate,7
28,19,Other,8,3,6.5,0.1,6.4,Moderate,8
29,25,Female,9.5,1.4,6.7,1.1,5.3,Low,8
30,21,Other,8.4,3.6,1.1,1,9.9,High,7
31,22,Male,6.8,3.8,4.3,2.9,6.2,Moderate,6
32,18,Female,6.6,1.1,7.5,3.3,5.5,Low,8
33,21,Other,8.4,0.1,7.9,2.4,5.2,Low,9
34,19,Female,8.5,2.3,4.3,0.7,8.2,High,7
35,23,Other,6.7,0.7,6.3,0.6,9.7,High,6
36,22,Female,7.6,1.2,3.9,2.2,9.1,High,8
37,21,Male,9.5,3.4,2,3.6,5.5,Low,8
38,18,Male,9.4,1.9,0.5,3.6,8.6,High,6
39,18,Female,5.8,5.4,4.3,0.3,8.2,High,5
40,20,Other,7.7,4.2,6.5,0.6,5,Low,9
41,20,Male,8.6,1.4,4.8,0.9,8.3,High,7
42,24,Male,8.3,2.3,1.8,3.4,8.2,High,8
43,19,Male,6.3,1.5,9.2,1.5,5.5,Low,8
44,25,Female,9,1.5,1.5,2.5,9.5,High,8
45,21,Female,6,4.3,3.8,2,7.9,Moderate,7
46,21,Other,9.6,0.3,0.6,3.8,9.7,High,5
47,25,Other,7.1,5.8,2.3,3.7,5.1,Low,9
48,24,Other,5.8,3.3,4.3,1.3,9.3,High,5
49,23,Female,7.9,0.3,3.3,2.8,9.7,High,8
50,23,Female,8.5,2.2,0.9,3,9.4,High,7
51,24,Other,9,4.9,2.1,1.2,6.8,Moderate,8
52,23,Other,8.5,3.1,0.8,2.6,9,High,7
53,20,Female,6.9,0.6,5.6,1.4,9.5,High,6
54,21,Other,6.4,3.5,4.6,2.2,7.3,Moderate,6
55,24,Male,9.1,2.2,7.4,0.1,5.2,Low,8
56,21,Female,8.1,0.5,5.7,0.9,8.8,High,7
57,25,Other,7.7,3.8,5.1,2.1,5.3,Low,9
58,18,Female,7.2,0.5,6.2,1.1,9,High,7
59,20,Male,9.2,4,1.8,3.9,5.1,Low,8
60,22,Female,7.7,4.3,5.2,1,5.8,Low,9
61,20,Female,9.8,3.5,1.3,1.1,8.3,High,5
62,24,Female,6.8,4.5,4.6,1,7.1,Moderate,6
63,22,Female,5.2,0.2,13,0.5,5.1,High,5
64,18,Male,7.5,2.8,5.9,0.4,7.4,Moderate,8
65,24,Female,7,3.7,5.7,1.7,5.9,Low,9
66,19,Female,7.5,5.1,2,2.5,6.9,Moderate,8
67,21,Other,5.4,3.9,5.7,0.7,8.3,High,5
68,18,Female,6.9,3.3,1.8,2.3,9.7,High,6
69,21,Other,9.7,1.9,2.9,2.2,7.3,Moderate,7
70,23,Male,9.2,0.1,8,1.3,5.4,Low,8
71,19,Male,5.6,4.2,4,1.1,9.1,High,5
72,19,Male,6.4,1,4.7,3.2,8.7,High,6
73,18,Male,10,0.8,1.2,3.2,8.8,High,5
74,19,Other,9.3,1.8,2.5,3.7,6.7,Moderate,7
75,22,Female,5.5,5.4,1.3,3,8.8,High,4
76,19,Male,6.9,0.1,6.8,3.6,6.6,Moderate,6
77,21,Female,6.6,5.7,1.8,0.4,9.5,High,6
78,21,Other,6.5,2,5.5,1.8,8.2,High,6
79,24,Other,9,2.8,0.8,3,8.4,High,7
80,21,Other,7.2,5.3,4,2.2,5.3,Low,9
81,24,Male,5.7,4.6,6.4,0.5,6.8,High,5
82,21,Female,5.4,4.9,5.5,2.8,5.4,High,5
83,22,Female,5.4,5.9,3.9,0.3,8.5,High,5
84,25,Female,9.9,0.9,0.3,3.8,9.1,High,5
85,24,Other,8.9,3.4,4.5,0.3,6.9,Moderate,8
86,20,Male,5.1,2.8,8.5,2,5.6,High,5
87,23,Other,5.6,3.9,8.7,0.5,5.3,High,5
88,18,Other,6.4,5.2,1.1,1.5,9.8,High,5
89,21,Female,5.1,5.8,3.1,3.9,6.1,High,5
90,19,Other,9.8,3.1,3.5,2.2,5.4,Low,8
91,25,Female,7.3,3.6,2.2,2.8,8.1,High,8
92,21,Male,9.8,5.3,2.6,1.1,5.2,Low,8
93,19,Female,6.4,1.1,6.7,2.5,7.3,Moderate,7
94,23,Male,9.9,5.8,0.1,0.3,7.9,Moderate,6
95,23,Female,6.5,4.9,2,2.1,8.5,High,6
96,23,Other,9.7,1,0.4,3.3,9.6,High,6
97,19,Other,9.7,3.9,0.6,1.7,8.1,High,5
98,21,Male,8,2.1,3.4,0.6,9.9,High,8
99,23,Male,9.2,0.7,0.9,3.4,9.8,High,5
100,22,Male,9.1,6,0.1,3.5,5.3,Low,7
101,24,Female,8.8,2.8,0.2,2.2,10,High,7
102,19,Female,9.8,3.6,2.8,0.5,7.3,Moderate,7
103,19,Male,8.1,2.1,5,2.7,6.1,Moderate,8
104,21,Other,7.6,4.9,0.8,3.1,7.6,Moderate,7
105,19,Female,9.4,1.9,2.7,2.2,7.8,Moderate,7
106,19,Female,5.7,0.1,8.8,0.9,8.5,High,5
107,23,Female,7,2.6,5.2,2.4,6.8,Moderate,8
108,21,Male,7,3.7,2.6,3.1,7.6,Moderate,8
109,23,Male,5.7,4.8,0.4,3.8,9.3,High,4
110,24,Male,7.5,1.7,3.6,3.9,7.3,Moderate,9
111,25,Male,5.4,0.8,8.6,1,8.2,High,5
112,24,Male,9.5,2.8,4.4,1.4,5.9,Low,8
113,25,Other,6,0.2,8.8,0.7,8.3,High,6
114,23,Other,5.6,2.8,9.3,0.4,5.9,High,5
115,24,Male,7.5,4.1,4.9,1.5,6,Moderate,8
116,21,Female,5.3,1.6,4,3.7,9.4,High,6
117,18,Male,5.9,1.3,4.8,3,9,High,5
118,23,Other,7.3,4.5,2.6,1.5,8.1,High,8
119,25,Other,8.6,5.4,3.8,1,5.2,Low,9
120,22,Female,7.7,1.5,7.5,1.8,5.5,Low,9
121,25,Other,5.1,1.9,9.2,1.5,6.3,High,5
122,22,Male,8,4.1,2.7,3.6,5.6,Low,9
123,19,Female,5.4,3.2,4.5,2,8.9,High,5
124,24,Male,6.4,2.2,7.7,0.5,7.2,Moderate,7
125,22,Male,6.8,5.9,0.8,2.3,8.2,High,5
126,25,Female,6.2,1,10.7,0.6,5.5,Low,8
127,19,Male,5.9,5.4,5.7,1.1,5.9,High,5
128,18,Other,5.6,2.4,5,3.9,7.1,High,5
129,21,Male,9.1,0.4,1.2,3.5,9.8,High,5
130,21,Female,7.9,1.2,3.1,2.2,9.6,High,8
131,21,Female,6.6,2.6,5.3,0.7,8.8,High,6
132,22,Female,6.4,3.5,6.1,2.4,5.6,Low,8
133,18,Male,7.7,0.3,8.3,1.9,5.8,Low,9
134,22,Female,6.6,4.9,3.2,4,5.3,Low,8
135,24,Female,8.8,3.6,2.6,2.7,6.3,Moderate,8
136,22,Male,9.2,4.2,0.2,3.7,6.7,Moderate,6
137,18,Other,9.7,1.1,4.7,2.9,5.6,Low,8
138,18,Male,5.7,4.8,2.2,3.4,7.9,High,5
139,24,Female,5.8,4.9,6.6,0.7,6,High,5
140,18,Female,7,4.9,1.8,3.5,6.8,Moderate,8
141,25,Male,7.3,1.8,6.2,1.5,7.2,Moderate,8
142,18,Other,6.9,3.3,4,3.6,6.2,Moderate,7
143,21,Female,5.6,5.6,0.8,2.5,9.5,High,4
144,25,Female,8.1,3.2,3.8,3.2,5.7,Low,9
145,25,Female,5.8,1.7,3.8,3.2,9.5,High,6
146,24,Male,8.8,5.3,2.4,2.3,5.2,Low,9
147,20,Female,5.6,5.1,3.3,3.3,6.7,High,5
148,20,Other,6.1,4.3,4,0.6,9,High,6
149,18,Female,8.5,2.3,2,2.6,8.6,High,8
150,25,Female,7.9,2.4,4.2,3.6,5.9,Low,9
151,20,Other,5.8,3.5,3.6,3.8,7.3,High,5
152,20,Female,9.7,3.2,2.5,3.5,5.1,Low,8
153,18,Male,8.5,0.5,2.8,3.7,8.5,High,8
154,20,Male,9.7,4,0.3,2.9,7.1,Moderate,6
155,22,Male,9.9,5,1.3,0.5,7.3,Moderate,6
156,19,Other,5.3,2,7.1,1.6,8,High,5
157,24,Female,6.7,2.4,5.9,0,9,High,6
158,19,Male,8.7,2.7,4.5,1.4,6.7,Moderate,8
159,18,Other,5.7,1.1,9.3,1.8,6.1,High,5
160,21,Female,7.9,3.2,1.9,1.4,9.6,High,8
161,24,Other,5.9,5.8,4.5,2.7,5.1,High,5
162,18,Male,7.5,3.6,3.5,4,5.4,Low,9
163,25,Male,6,5.4,4.3,3,5.3,Low,8
164,21,Male,7.8,0.4,8.7,1.9,5.2,Low,9
165,19,Other,7.6,2.5,3.2,1.8,8.9,High,8
166,18,Other,9.3,5.7,2.5,0.7,5.8,Low,8
167,25,Male,8.2,2.5,5.3,1.1,6.9,Moderate,8
168,24,Other,6.2,4,7.8,0.9,5.1,Low,8
169,24,Male,9,1.1,8.4,0.4,5.1,Low,9
170,23,Male,8.6,5.1,3.8,1,5.5,Low,9
171,25,Female,8.3,1,3.9,1.6,9.2,High,8
172,22,Other,6,0.2,12.4,0.3,5.1,Low,8
173,20,Male,7.1,5.4,3.3,2.3,5.9,Low,9
174,21,Male,8,1.6,6.6,1.5,6.3,Moderate,8
175,25,Other,7.8,2.6,3.9,1.6,8.1,High,8
176,23,Female,9.3,2.6,2.7,0.6,8.8,High,7
177,20,Female,7.1,0.1,4.1,3.2,9.5,High,7
178,20,Male,5.7,5,4.1,1,8.2,High,5
179,18,Other,5.9,1.6,4.5,2.1,9.9,High,5
180,20,Female,8.3,5,2.1,2.2,6.4,Moderate,8
181,22,Other,5.7,5.4,6.9,0,6,High,5
182,24,Other,5.9,5.5,1.9,2.7,8,High,5
183,23,Male,7.6,0.3,7.5,1.5,7.1,Moderate,8
184,20,Female,6.2,2.3,7.7,2.4,5.4,Low,8
185,18,Male,8.6,1.8,5.8,1.4,6.4,Moderate,8
186,22,Female,8.7,0.7,2.6,3.7,8.3,High,8
187,19,Female,8,0.3,9.5,1,5.2,Low,9
188,24,Female,5.5,0.5,8.2,3.1,6.7,High,5
189,24,Female,8.4,2.2,2.8,2,8.6,High,8
190,23,Female,6.4,3.4,2.4,2.8,9,High,6
191,24,Other,9.6,0.8,6.4,0.4,6.8,Moderate,6
192,20,Male,9.4,4.4,2.1,2.2,5.9,Low,8
193,18,Other,8.5,3.3,0.6,2.6,9,High,7
194,24,Female,9.7,0.2,4,4,6.1,Moderate,7
195,24,Male,5.9,3.4,2.5,3.7,8.5,High,5
196,19,Female,9.7,0.4,0.4,3.9,9.6,High,5
197,19,Male,6.6,3.9,0.8,3.4,9.3,High,5
198,21,Other,5.4,4.2,7.7,0.5,6.2,High,5
199,22,Male,5.3,1.9,7.2,2.9,6.7,High,5
200,20,Male,9.4,3.4,2.1,2.5,6.6,Moderate,7
201,24,Male,9.4,0.1,8.2,0.1,6.2,Moderate,6
202,25,Male,10,0.4,0.7,3.2,9.7,High,5
203,24,Male,7.4,3.8,2.4,1.6,8.8,High,8
204,18,Female,6.2,0.7,7,3,7.1,Moderate,6
205,21,Male,6.5,1.4,8.2,1.1,6.8,Moderate,7
206,22,Male,6.1,5.7,2.6,2.7,6.9,Moderate,7
207,25,Other,7.1,5.3,2.3,0.4,8.9,High,8
208,21,Male,10,1.2,4,0.7,8.1,High,7
209,23,Other,8,1.9,1.8,2.6,9.7,High,8
210,22,Female,8.9,2.1,6.2,0.7,6.1,Moderate,8
211,24,Male,9.4,5,0.4,3.9,5.3,Low,7
212,24,Other,9.1,1.3,4.5,0.6,8.5,High,6
213,22,Other,8,3.5,4.3,2.1,6.1,Moderate,8
214,24,Female,9.3,1.2,0.3,3.8,9.4,High,6
215,20,Male,5.4,2.5,5.6,2.2,8.3,High,5
216,22,Male,5.4,1.3,6.7,2,8.6,High,5
217,21,Other,9.3,3,3,0.3,8.4,High,7
218,22,Male,8.4,2.9,2.2,1.4,9.1,High,8
219,25,Other,9,3.4,1.8,3.5,6.3,Moderate,8
220,24,Male,8.1,3.5,1.2,2.7,8.5,High,7
221,20,Other,9.4,0.2,5.1,3.5,5.8,Low,8
222,20,Male,5.8,4.9,3.6,3,6.7,High,5
223,23,Female,5,1.7,6.1,2,9.2,High,5
224,21,Male,8.2,3.2,3.4,1,8.2,High,8
225,19,Male,8.8,3.2,2.7,0.4,8.9,High,8
226,19,Female,5.5,5.6,1,3.7,8.2,High,4
227,22,Male,6.5,4.2,4.6,0.3,8.4,High,6
228,23,Female,5.2,5.2,4.4,2.5,6.7,High,5
229,18,Male,8.7,0.2,1.3,3.9,9.9,High,7
230,22,Other,6.4,6,1.4,1.8,8.4,High,5
231,23,Other,5.8,4.8,4.5,1.8,7.1,High,5
232,21,Male,8.3,1.6,6,2.7,5.4,Low,9
233,21,Male,7.2,5.7,0.7,0.6,9.8,High,7
234,21,Male,9.9,2.5,3.5,1.1,7,Moderate,7
235,21,Other,6.1,0.2,7.3,0.9,9.5,High,6
236,21,Male,9.8,0.6,2.4,1.9,9.3,High,6
237,23,Other,8.9,2.3,0.4,3.1,9.3,High,7
238,23,Female,9.6,3.7,4.9,0.1,5.7,Low,8
239,20,Other,5.6,0.8,6.7,1.9,9,High,5
240,25,Other,5.3,3.5,7.2,2,6,High,5
241,19,Female,6.6,2.7,5.2,3.2,6.3,Moderate,7
242,24,Other,8.5,5.2,1.1,1.2,8,Moderate,7
243,21,Male,7.4,0.6,6.9,0.2,8.9,High,7
244,18,Male,7.8,0.1,5.2,2.8,8.1,High,7
245,24,Other,5.4,2.1,7.8,2.1,6.6,High,5
246,23,Male,9,0.9,3.5,2.8,7.8,Moderate,8
247,18,Other,8.2,4.2,5.4,0.4,5.8,Low,9
248,18,Male,8.6,2.7,0.7,3.5,8.5,High,7
249,18,Male,5.4,5.4,3.2,3.3,6.7,High,5
250,20,Other,7.6,4.4,2.1,2.6,7.3,Moderate,8
251,23,Male,6.2,1,11.2,0.2,5.4,Low,8
252,18,Other,5.9,4.7,2.2,1.3,9.9,High,5
253,21,Male,7.8,4.2,1.7,2,8.3,High,8
254,22,Male,5.4,0.2,9.7,2.7,6,High,5
255,18,Female,9.3,4.4,2.1,1.9,6.3,Moderate,7
256,20,Female,9.9,0.2,5.7,1.5,6.7,Moderate,6
257,24,Other,7.2,3.8,1.4,2.3,9.3,High,7
258,23,Female,6.4,3.6,2.8,1.7,9.5,High,6
259,25,Other,8.1,3.5,2,0.8,9.6,High,8
260,20,Female,5.9,1.4,4.5,3.6,8.6,High,5
261,18,Male,9.3,2,2.1,0.7,9.9,High,7
262,23,Other,6.8,3.6,4.3,2.1,7.2,Moderate,6
263,22,Other,9.8,1.5,5.3,1.6,5.8,Low,8
264,18,Male,9.8,2.2,2.6,0.5,8.9,High,7
265,20,Other,5.8,3.1,8.6,0.3,6.2,High,5
266,19,Other,8.1,4.2,3.5,1,7.2,Moderate,8
267,21,Female,5.2,4.4,7.9,0.7,5.8,High,5
268,25,Other,7.9,3.2,0.5,3.2,9.2,High,7
269,24,Male,6.3,0.3,11,0.4,6,Moderate,7
270,20,Female,7.3,5.6,5.4,0.5,5.2,Low,9
271,23,Female,5.2,0.9,9.3,2,6.6,High,5
272,25,Male,7.4,4,3.2,2.1,7.3,Moderate,8
273,25,Male,6.5,4.2,7.5,0.1,5.7,Low,8
274,25,Female,8.4,2.4,3,0.4,9.8,High,8
275,18,Other,8.5,4.6,0.9,0.7,9.3,High,7
276,21,Female,9.3,2.7,2,2.5,7.5,Moderate,7
277,18,Male,8.4,4.1,2.6,3.7,5.2,Low,9
278,23,Female,5.5,3.9,5,2.6,7,High,5
279,18,Male,9.9,1.6,2.3,0.2,10,High,7
280,19,Female,9.4,1.5,2.3,3,7.8,Moderate,7
281,21,Other,9,4.3,1.4,2.7,6.6,Moderate,7
282,21,Female,7.7,0,6.7,0.5,9.1,High,7
283,23,Female,7,4.2,4.7,1.5,6.6,Moderate,8
284,24,Male,6.1,0.4,9.8,1.5,6.2,Moderate,6
285,19,Male,8.1,2.4,2.8,2.7,8,Moderate,9
286,20,Male,5.1,2,7.4,1.9,7.6,High,5
287,18,Female,7.9,3.2,4.4,1.6,6.9,Moderate,8
288,22,Other,9.8,0,2.2,2.9,9.1,High,6
289,18,Male,8.2,5.4,4.4,0,6,Moderate,8
290,25,Male,6.8,0.6,7.6,3.7,5.3,Low,8
291,18,Female,6.4,1.8,7.4,1,7.4,Moderate,7
292,20,Male,8.6,1.6,4.8,2.4,6.6,Moderate,8
293,18,Other,5.9,4.1,6.4,0.5,7.1,High,5
294,19,Other,7.8,1.5,5.8,0.4,8.5,High,7
295,19,Male,9,1.8,1.5,1.9,9.8,High,8
296,21,Male,9.1,2.4,0.3,2.4,9.8,High,6
297,23,Female,8.1,2.5,6.5,0.8,6.1,Moderate,8
298,24,Other,9.1,2.1,2.8,1.1,8.9,High,7
299,22,Other,8.1,2.7,4.5,0.4,8.3,High,7
300,25,Male,6.1,0.5,5.2,3.5,8.7,High,6
301,18,Female,8,3.3,5,2.6,5.1,Low,9
302,18,Other,9.9,0.6,3.5,2,8,Moderate,7
303,20,Other,7.1,4.3,2.5,1.6,8.5,High,8
304,23,Female,5.4,5.4,6.5,0.3,6.4,High,5
305,19,Female,6.1,2.1,8.5,1.3,6,Moderate,7
306,22,Other,6.2,3.2,6.1,3.2,5.3,Low,8
307,21,Other,7.7,1.4,2.9,2.6,9.4,High,8
308,19,Female,7.8,2.6,1,2.6,10,High,7
309,25,Other,7.8,5.7,3,0.2,7.3,Moderate,8
310,23,Male,5.5,2.7,7.7,2.1,6,High,5
311,25,Male,8.3,4.4,1.1,1.4,8.8,High,7
312,24,Female,7.7,2.2,0.4,3.7,10,High,7
313,21,Female,5.4,4.5,4,2.5,7.6,High,5
314,24,Female,5.2,1.8,5.3,2.8,8.9,High,5
315,20,Male,5.4,5.6,5.3,1.4,6.3,High,5
316,25,Other,8,3.1,4.1,1.8,7,Moderate,8
317,20,Male,10,2,0.4,2,9.6,High,6
318,18,Other,9.3,3.5,0.8,3.5,6.9,Moderate,6
319,24,Male,5.4,2.4,6,1.2,9,High,5
320,23,Other,8.2,4.3,0.9,3.9,6.7,Moderate,7
321,25,Male,9.6,2.6,2.7,3.4,5.7,Low,8
322,22,Female,7,0.9,8.2,2,5.9,Low,9
323,21,Male,5.1,0.8,11,0.3,6.8,High,5
324,19,Other,6.6,3,2.9,1.7,9.8,High,7
325,23,Male,8.2,1.3,6.9,0.4,7.2,Moderate,8
326,23,Male,8.9,2.8,6.3,0.2,5.8,Low,9
327,20,Male,5.3,4.2,5.2,4,5.3,High,5
328,24,Female,7.5,6,1.8,0.2,8.5,High,8
329,25,Male,6.5,3.7,2.2,2.5,9.1,High,6
330,25,Female,7.2,1.2,6.4,3.5,5.7,Low,9
331,18,Female,9.1,4.4,2,1.7,6.8,Moderate,7
332,18,Male,8.8,0.8,8.3,1,5.1,Low,9
333,21,Male,5.1,1.4,8.9,0.9,7.7,High,5
334,20,Male,7.3,5.1,3.9,2.2,5.5,Low,9
335,23,Other,5.8,1.9,8.8,2,5.5,High,5
336,25,Male,7.3,4.7,3.5,1.6,6.9,Moderate,8
337,22,Female,8.9,0.6,1.2,3.8,9.5,High,7
338,20,Male,5.2,5.4,3.7,3.4,6.3,High,5
339,21,Other,8.3,5.3,0.6,2.5,7.3,Moderate,7
340,21,Male,5.8,4.4,6.4,2.1,5.3,High,5
341,20,Other,5.2,0.5,8,2.7,7.6,High,5
342,21,Other,9.8,4.4,4.4,0,5.4,Low,8
343,20,Male,6.7,4.6,4.7,1.2,6.8,Moderate,6
344,19,Female,8.3,4.6,4.8,0.4,5.9,Low,9
345,20,Other,5.4,5.8,6.4,0.1,6.3,High,5
346,24,Male,6,0.7,7.7,1.5,8.1,High,6
347,20,Male,8.2,2.4,2.2,3.1,8.1,High,8
348,21,Female,7.9,2.8,1,2.4,9.9,High,7
349,25,Other,5.6,2,4.7,2.6,9.1,High,5
350,24,Other,9.7,1.1,3.5,2.5,7.2,Moderate,7
351,21,Male,9.4,3.9,4.3,0.8,5.6,Low,8
352,18,Male,9.6,0.4,1.3,3.4,9.3,High,5
353,18,Female,9.2,3.1,1.1,1.8,8.8,High,5
354,25,Female,9.9,5.6,0.4,2.2,5.9,Low,7
355,25,Other,5.7,4.4,8,0.7,5.2,High,5
356,24,Other,8.7,2.4,2,3.4,7.5,Moderate,9
357,19,Male,6.5,3.4,4.1,2,8,Moderate,6
358,25,Other,5.8,2.8,4.2,3,8.2,High,5
359,18,Female,8.6,6,3.4,1,5,Low,9
360,20,Female,7.8,4.4,2,0.8,9,High,8
361,21,Male,6.8,4.7,3.6,0.8,8.1,High,6
362,18,Female,8.7,1.2,5.2,0.1,8.8,High,7
363,18,Female,6.6,0.9,5.2,1.5,9.8,High,6
364,19,Female,7.2,3.8,1.5,1.5,10,High,8
365,24,Female,7,2.1,3.1,2.4,9.4,High,8
366,24,Male,7.9,2.9,3.8,0.4,9,High,8
367,23,Male,7.9,3.4,4.2,0.3,8.2,High,7
368,19,Other,6.3,5,1.1,3.2,8.4,High,5
369,20,Female,5.3,2,8.9,0.3,7.5,High,5
370,24,Other,7.2,0.9,4.9,2.1,8.9,High,7
371,21,Male,5.4,1.3,9,1.7,6.6,High,5
372,25,Male,8.2,0.9,1.2,3.7,10,High,7
373,19,Male,5.6,2.5,4.6,3.1,8.2,High,5
374,25,Male,5.9,2.2,5.6,2.4,7.9,High,5
375,18,Male,5.1,5,7.1,0.1,6.7,High,5
376,21,Male,6.3,2.6,4.8,3.8,6.5,Moderate,7
377,21,Male,5.9,4.3,1,3.4,9.4,High,4
378,18,Female,8.6,3,6.4,0.3,5.7,Low,9
379,19,Other,8.8,0.8,4.3,2.9,7.2,Moderate,8
380,18,Male,9.8,0.2,2.6,2.6,8.8,High,6
381,25,Female,6.3,1.5,9.8,1.1,5.3,Low,8
382,23,Female,7.2,4.7,2.7,3,6.4,Moderate,8
383,21,Other,5.2,0.4,11.1,2,5.3,High,5
384,22,Male,5.1,4,4.6,3.6,6.7,High,5
385,22,Other,9.7,0.1,2.2,2.2,9.8,High,6
386,25,Male,6.3,3.3,1.8,3.9,8.7,High,6
387,20,Female,7.3,5.8,2.6,2.3,6,Moderate,9
388,24,Female,6.1,1.5,10.2,0.6,5.6,Low,8
389,18,Female,7.6,0.6,4.3,2.2,9.3,High,7
390,18,Female,7.7,0.5,7.7,2.8,5.3,Low,9
391,20,Other,5.8,5.7,3.3,1.9,7.3,High,5
392,20,Male,8.3,3.3,3.5,1.6,7.3,Moderate,8
393,25,Male,9,2.8,4.8,2.1,5.3,Low,9
394,25,Other,8.8,3.1,5,1.3,5.8,Low,9
395,20,Male,9.4,4.4,0.7,3.5,6,Moderate,6
396,21,Female,5.1,0.4,5.5,3.1,9.9,High,5
397,25,Male,7.7,2.7,2.7,3.6,7.3,Moderate,9
398,23,Female,8.9,4.3,0.2,1.5,9.1,High,7
399,25,Other,6.4,4.8,4.7,2.1,6,Moderate,7
400,18,Male,9.6,2,1.8,1.6,9,High,7
401,25,Other,9,1.9,4.5,2.8,5.8,Low,9
402,21,Male,8.3,0.9,5.3,3.6,5.9,Low,9
403,20,Female,5.4,5.3,3.6,2.5,7.2,High,5
404,18,Other,9.9,1.7,0.9,1.7,9.8,High,6
405,25,Male,9.4,2.4,3.3,0.7,8.2,High,7
406,21,Female,5.4,4.4,2,3.6,8.6,High,5
407,23,Other,9.1,3,2.6,3.4,5.9,Low,8
408,25,Other,7.3,2.1,3.9,3.3,7.4,Moderate,9
409,21,Male,6.7,1,5.5,3.3,7.5,Moderate,7
410,23,Male,5.7,2.1,9.7,1,5.5,High,5
411,20,Male,8.3,3.4,2,3,7.3,Moderate,8
412,25,Female,8.2,0.6,3.9,3.9,7.4,Moderate,8
413,23,Male,8.4,0.4,5.5,1.3,8.4,High,7
414,18,Other,6.4,3.9,4.3,3.3,6.1,Moderate,6
415,20,Other,6.5,1.3,5.6,2.1,8.5,High,6
416,18,Male,8.9,1.7,0.9,3.1,9.4,High,7
417,22,Male,8.4,3.2,2.5,3.6,6.3,Moderate,8
418,19,Other,7.7,2.1,3.4,3.5,7.3,Moderate,9
419,25,Female,7.1,0.3,6.3,0.4,9.9,High,7
420,23,Male,6.5,5.5,2.2,3.4,6.4,Moderate,7
421,19,Male,5.1,5.8,1.1,3.2,8.8,High,4
422,19,Other,9.4,0.5,3.9,1.1,9.1,High,6
423,23,Male,5.5,1.5,6.3,2.2,8.5,High,5
424,20,Female,6.5,1.8,6.8,2.4,6.5,Moderate,7
425,25,Other,9.5,4.8,0.8,0.2,8.7,High,5
426,22,Male,5.4,1.4,7,0.7,9.5,High,5
427,18,Other,7.9,6,1,0.1,9,High,7
428,21,Male,8,0.7,6.7,3.3,5.3,Low,9
429,18,Male,8.3,5,1.6,3.6,5.5,Low,9
430,21,Male,6.6,2.6,5.5,1.7,7.6,Moderate,7
431,18,Female,9.5,1.4,1.8,2.4,8.9,High,7
432,23,Female,6.2,3.1,3.9,2.8,8,Moderate,7
433,22,Other,7.4,3.9,5.7,1.5,5.5,Low,9
434,25,Male,8.2,0.4,4.7,2,8.7,High,7
435,21,Male,7.4,0.3,8.6,1.4,6.3,Moderate,8
436,25,Female,7.4,1.1,4.3,1.3,9.9,High,7
437,25,Male,6,3.1,5.7,1.1,8.1,High,6
438,25,Female,7.6,1.5,3.6,2.3,9,High,8
439,24,Male,5.4,3.7,3.6,1.6,9.7,High,5
440,20,Other,7.5,3.9,1.6,3.5,7.5,Moderate,8
441,18,Male,6.4,2.4,4.7,0.5,10,High,6
442,25,Male,8,1.1,2.5,2.9,9.5,High,8
443,18,Female,9.1,0,2,3.8,9.1,High,6
444,25,Male,8,4.1,5.4,0.2,6.3,Moderate,8
445,21,Male,7.3,2.2,7.4,1.5,5.6,Low,9
446,20,Female,5.4,2.1,7.4,0.3,8.8,High,5
447,20,Other,8.4,1.2,2,2.7,9.7,High,8
448,23,Other,8.1,3.5,0.5,3.7,8.2,High,7
449,24,Female,9.5,0.4,5,0.5,8.6,High,6
450,23,Female,6.5,2.9,7.8,1.7,5.1,Low,8
451,23,Female,5.6,3.4,6.9,0.2,7.9,High,5
452,23,Female,8.5,1.6,2.2,3.4,8.3,High,8
453,23,Female,6.5,4.7,3.3,1.1,8.4,High,6
454,23,Other,9.6,0.8,1.1,3.4,9.1,High,5
455,22,Other,6.9,3.6,4.6,2.3,6.6,Moderate,6
456,20,Female,7.2,0.9,8.3,0.7,6.9,Moderate,8
457,23,Male,5.8,0.2,7.1,1.4,9.5,High,5
458,25,Female,7,1.9,8.1,0.3,6.7,Moderate,8
459,20,Male,6.8,1.3,5.1,2.4,8.4,High,6
460,20,Female,7.4,0.2,7.4,0.6,8.4,High,7
461,19,Female,6.9,0.2,5.5,3.9,7.5,Moderate,6
462,22,Other,8.8,2.8,6.5,0.1,5.8,Low,9
463,23,Male,5.6,5.7,2.7,3.6,6.4,High,5
464,18,Male,9.9,0.8,2,3.3,8,Moderate,7
465,21,Other,6.9,1.9,3.8,1.6,9.8,High,7
466,24,Other,8.8,4.3,0.9,2.2,7.8,Moderate,7
467,25,Other,6.3,1.2,8.1,1.2,7.2,Moderate,7
468,18,Other,7.8,2,3.9,3.9,6.4,Moderate,9
469,22,Male,7.2,3.8,4.5,0.6,7.9,Moderate,8
470,21,Male,8.1,1.4,1,3.5,10,High,7
471,22,Female,7,0.2,7.9,0.8,8.1,High,7
472,25,Female,9.5,3.2,1.3,3.9,6.1,Moderate,6
473,20,Other,5.7,4.7,2.4,3.5,7.7,High,5
474,21,Other,9.7,0.7,3.7,3.5,6.4,Moderate,7
475,20,Other,7.4,4.7,0.7,3.9,7.3,Moderate,7
476,25,Female,8.8,2.3,5.7,0.8,6.4,Moderate,8
477,18,Female,7.9,5.2,1.3,2,7.6,Moderate,7
478,25,Female,7.9,3.7,0.2,3.1,9.1,High,7
479,18,Female,9.3,2.6,5.7,0.4,6,Moderate,7
480,21,Female,5.1,2.9,4.2,3.7,8.1,High,5
481,21,Female,8.5,0.6,3.6,2.9,8.4,High,8
482,23,Female,6.1,5.7,2.1,1.1,9,High,6
483,22,Other,8.4,5,1.6,4,5,Low,9
484,23,Other,8.8,4.5,1.4,0.6,8.7,High,7
485,22,Other,9.2,2.1,1.3,3.1,8.3,High,6
486,23,Other,7,0.4,9.6,1.6,5.4,Low,9
487,20,Female,9,5.7,2.2,0.4,6.7,Moderate,8
488,21,Male,9,4.2,3.4,2,5.4,Low,9
489,18,Female,7,1.8,9.6,0.3,5.3,Low,9
490,22,Male,7,3.9,0.4,3.7,9,High,7
491,25,Other,6.1,3.8,5.6,1.9,6.6,Moderate,6
492,22,Female,5.6,5.3,3.7,2.6,6.8,High,5
493,18,Other,7.9,3.7,3.1,1.8,7.5,Moderate,8
494,23,Female,9.1,4.7,1.1,2.9,6.2,Moderate,6
495,22,Other,5.7,4.7,3.7,2.1,7.8,High,5
496,24,Male,8.1,0.3,8.7,0.5,6.4,Moderate,8
497,20,Male,5,3.1,5.9,1.3,8.7,High,5
498,21,Male,6.2,4.4,4.2,0,9.2,High,6
499,18,Female,6.8,1.6,8.6,0.4,6.6,Moderate,7
500,21,Male,7.2,3.9,0.4,3.6,8.9,High,7
501,24,Other,5.4,4.1,3.7,3.9,6.9,High,5
502,21,Male,5,1,7,2.8,8.2,High,5
503,22,Male,9.8,2.2,0.7,2.7,8.6,High,6
504,24,Other,8.9,3.9,4.3,0.4,6.5,Moderate,8
505,20,Male,9.8,3,4.6,1.4,5.2,Low,8
506,25,Other,6.8,0.3,9.4,1.5,6,Moderate,7
507,22,Female,9.1,3.7,0.7,1.7,8.8,High,5
508,22,Male,6.1,4.1,2.9,3.5,7.4,Moderate,7
509,24,Female,5.7,3.9,5.2,1.2,8,High,5
510,19,Other,8.6,1.1,4.5,1.6,8.2,High,7
511,20,Female,6.8,0.3,6.3,1.1,9.5,High,6
512,24,Female,5.1,2.3,7,3.3,6.3,High,5
513,20,Other,5.6,2.5,9.1,0.1,6.7,High,5
514,20,Female,5,2.8,6.1,2.4,7.7,High,5
515,25,Female,8.4,1.2,2.5,2.1,9.8,High,8
516,22,Other,5.6,0.1,6.8,3.9,7.6,High,5
517,21,Female,5.6,1.6,4.7,3.2,8.9,High,5
518,25,Other,5,1.8,9,1.5,6.7,High,5
519,25,Female,9.2,0.1,2.6,3.9,8.2,High,6
520,20,Other,7,1.8,4.5,1.8,8.9,High,7
521,23,Other,6.2,2.9,8.7,0.9,5.3,Low,8
522,22,Female,9.7,4.1,1.1,3.8,5.3,Low,7
523,19,Female,9.8,0.2,1.8,2.2,10,High,6
524,25,Female,8.1,4.7,4.6,0.6,6,Moderate,8
525,21,Male,9.1,3.8,2.6,0.6,7.9,Moderate,7
526,23,Male,9.6,1.7,5,1.4,6.3,Moderate,7
527,23,Male,8.5,0.3,4.3,3.6,7.3,Moderate,8
528,19,Other,7.6,1.5,5.4,3.8,5.7,Low,9
529,25,Female,5.4,1.6,6.8,2.7,7.5,High,5
530,21,Other,5.2,1,8.4,1.7,7.7,High,5
531,22,Male,5.2,5.1,5.7,0.8,7.2,High,5
532,18,Female,9.8,3.6,0,0.8,9.8,High,5
533,21,Other,7.8,1,2.7,3.9,8.6,High,8
534,19,Female,9.9,1.1,5.1,2.5,5.4,Low,8
535,23,Other,9.7,1.6,0.1,3.6,9,High,6
536,22,Female,7.4,4.3,2.9,0.6,8.8,High,8
537,21,Male,8.3,1,5.9,2.6,6.2,Moderate,8
538,18,Male,5,2.1,9.4,0,7.5,High,5
539,18,Female,8.2,1.2,4.1,0.9,9.6,High,7
540,20,Other,7.1,0.2,7.7,0.4,8.6,High,7
541,20,Male,5.6,1.7,6.7,2.6,7.4,High,5
542,24,Male,8.8,1.9,3.1,0.2,10,High,8
543,19,Male,9.6,4.2,0.2,3,7,Moderate,6
544,25,Female,7.8,2.2,4.1,1,8.9,High,7
545,21,Female,6,5.5,3.2,1,8.3,High,6
546,21,Other,5.2,1.1,11.4,0.2,6.1,High,5
547,25,Other,9.8,2.2,1.6,1.1,9.3,High,7
548,24,Other,6.4,2.1,4.9,3,7.6,Moderate,7
549,23,Female,9.5,0.5,0.7,3.8,9.5,High,5
550,23,Female,8,1.1,6.6,0.8,7.5,Moderate,8
551,24,Other,6,0.4,7.5,3.4,6.7,Moderate,6
552,23,Other,6.7,3.4,1.5,3.3,9.1,High,6
553,20,Female,5.8,5.3,1.4,2.6,8.9,High,4
554,21,Other,5.6,4.6,6.5,0.2,7.1,High,5
555,24,Male,7.6,0.3,9.4,1.7,5,Low,9
556,21,Female,8.6,5.8,3.4,0,6.2,Moderate,8
557,25,Other,8.7,5.1,1.4,2.7,6.1,Moderate,7
558,18,Female,9.1,1,4.4,2.9,6.6,Moderate,7
559,20,Male,9,4.4,0.1,3.6,6.9,Moderate,7
560,22,Female,5.4,3.3,4.7,2.6,8,High,5
561,20,Female,8.9,3.4,2.5,0.7,8.5,High,8
562,24,Female,8.8,0.6,5.2,2.9,6.5,Moderate,8
563,22,Female,6.8,5.6,2,2,7.6,Moderate,7
564,18,Male,9.6,2.8,1.2,1.8,8.6,High,6
565,24,Female,6.4,4.5,1.1,3.4,8.6,High,5
566,19,Female,9.3,2.9,1.2,3.9,6.7,Moderate,6
567,21,Other,9.7,1.7,1.8,2.2,8.6,High,7
568,18,Female,6.9,0.1,5.2,2.9,8.9,High,6
569,21,Other,8.5,5.8,0.5,0,9.2,High,7
570,23,Male,7.7,4.4,0.1,3.3,8.5,High,7
571,19,Male,8.6,5.2,2.9,2,5.3,Low,9
572,19,Male,5.7,5.2,3.7,1.6,7.8,High,5
573,18,Male,6.5,5.2,5.3,1.2,5.8,Low,8
574,19,Other,7.9,5,2.3,2.5,6.3,Moderate,8
575,22,Female,8.4,0.3,5.8,0,9.5,High,7
576,19,Male,8.1,2,6,1.4,6.5,Moderate,8
577,21,Female,5.3,4.7,3.7,1.6,8.7,High,5
578,21,Other,5.3,2.2,6.8,1.3,8.4,High,5
579,24,Other,8.4,2.1,1.2,2.6,9.7,High,7
580,21,Other,6.4,1.7,6.7,0.4,8.8,High,6
581,24,Male,5.3,3.1,4.5,3.9,7.2,High,5
582,21,Female,7.1,1.9,3.5,2.8,8.7,High,8
583,22,Female,6,2.9,7,1.1,7,Moderate,7
584,25,Female,8,0.3,3.5,3.9,8.3,High,8
585,24,Other,6.5,0.6,7.7,3.8,5.4,Low,8
586,20,Male,5.1,5.8,3.8,1.1,8.2,High,5
587,23,Other,8.5,3.7,2.8,2.7,6.3,Moderate,8
588,18,Other,9.7,0.3,2.5,3.5,8,Moderate,7
589,21,Female,8.7,5,0.7,3.8,5.8,Low,8
590,19,Other,7,0.1,5.7,2.7,8.5,High,7
591,25,Female,7.3,5.7,2.1,1,7.9,Moderate,8
592,21,Male,9.9,0.6,4.9,2.7,5.9,Low,8
593,19,Female,5.5,4.5,7.3,1.7,5,High,5
594,23,Male,8.6,0.1,7.3,1.7,6.3,Moderate,8
595,23,Female,8.2,1.3,4.1,2.5,7.9,Moderate,8
596,23,Other,8.7,0.1,5.7,3.5,6,Moderate,8
597,19,Other,6.4,1.5,9,0.9,6.2,Moderate,7
598,21,Male,8.4,0.4,4.1,2.4,8.7,High,7
599,23,Male,9,1.5,0.3,3.4,9.8,High,7
600,22,Male,8.7,4.4,2.4,2.5,6,Moderate,9
601,24,Female,6.9,5.5,3.7,0.3,7.6,Moderate,7
602,19,Female,9.5,4,2.7,1.5,6.3,Moderate,7
603,19,Male,8.2,1.3,3.8,1.8,8.9,High,8
604,21,Other,9.7,0.3,4.2,2.6,7.2,Moderate,6
605,19,Female,7.2,0.1,6.4,1.2,9.1,High,7
606,19,Female,9.6,0.6,6.5,2,5.3,Low,8
607,23,Female,8.3,1.4,3.9,1.6,8.8,High,8
608,21,Male,8.3,5.3,4.3,0.7,5.4,Low,9
609,23,Male,5.6,1.7,4.9,2.7,9.1,High,5
610,24,Male,6.8,2.1,5.4,2.1,7.6,Moderate,7
611,25,Male,6.5,4.8,0.4,3.2,9.1,High,5
612,24,Male,9.7,4.8,0.7,2,6.8,Moderate,6
613,25,Other,7.8,3,6.1,1.6,5.5,Low,9
614,23,Other,9.3,2.2,0.7,3.4,8.4,High,6
615,24,Male,5.8,4,4.6,2.4,7.2,High,5
616,21,Female,5.8,0,11.6,0.5,6.1,High,5
617,18,Male,7.6,0.8,4.1,2.9,8.6,High,7
618,23,Other,7.6,3.6,6.4,0.9,5.5,Low,9
619,25,Other,7,1.4,9.2,0.2,6.2,Moderate,8
620,22,Female,7.7,4.2,3.3,1.7,7.1,Moderate,8
621,25,Other,7.5,2.5,4.8,0.7,8.5,High,7
622,22,Male,8,0.7,7.1,0.5,7.7,Moderate,8
623,19,Female,8.5,1.2,7,0.6,6.7,Moderate,8
624,24,Male,7.1,0.1,8.8,2,6,Moderate,8
625,22,Male,7.4,3.4,3.9,0.3,9,High,8
626,25,Female,8.6,3.2,5.9,0,6.3,Moderate,8
627,19,Male,9.2,1.1,1.2,3.3,9.2,High,6
628,18,Other,9.3,5.3,1.4,0.7,7.3,Moderate,6
629,21,Male,6.9,4.8,4.7,0.3,7.3,Moderate,6
630,21,Female,6.9,3.3,5,3.5,5.3,Low,8
631,21,Female,8.2,0.4,5.3,0.3,9.8,High,7
632,22,Female,7.8,1.6,3.4,4,7.2,Moderate,9
633,18,Male,6.9,0.4,9.2,1.4,6.1,Moderate,6
634,22,Female,8.5,0,4.3,2.6,8.6,High,7
635,24,Female,7.4,0,7.9,2.6,6.1,Moderate,8
636,22,Male,8.8,3.5,3.7,0.3,7.7,Moderate,8
637,18,Other,9,1.6,1.5,3,8.9,High,8
638,18,Male,5.8,1.2,5.9,3,8.1,High,5
639,24,Female,9.5,1.5,0.5,3,9.5,High,6
640,18,Female,8.2,0.6,3.5,2.3,9.4,High,8
641,25,Male,6.4,1.2,6.1,2.9,7.4,Moderate,7
642,18,Other,9.5,3,3.7,1.7,6.1,Moderate,7
643,21,Female,8.5,2.3,7,0.3,5.9,Low,9
644,25,Female,8.5,1.4,4,1.1,9,High,8
645,25,Female,6.6,1.4,3.8,2.5,9.7,High,7
646,24,Male,6.3,4,5.2,2.4,6.1,Moderate,6
647,20,Female,8.8,0.6,2.4,3.1,9.1,High,8
648,20,Other,5.2,1.6,8.7,1.7,6.8,High,5
649,18,Female,6.2,3.3,5.8,3.5,5.2,Low,8
650,25,Female,9.4,1.4,3,3.6,6.6,Moderate,7
651,20,Other,9.1,1.2,0.2,4,9.5,High,6
652,20,Female,10,2,6.3,0.4,5.3,Low,8
653,18,Male,9.3,2.8,0,3.2,8.7,High,6
654,20,Male,8.9,3.4,5.2,1.4,5.1,Low,9
655,22,Male,6.2,0.1,8.5,2.6,6.6,Moderate,6
656,19,Other,9.2,3.6,2.2,0.2,8.8,High,6
657,24,Female,9.3,2.6,1.8,2.5,7.8,Moderate,7
658,19,Male,8.5,1.9,3,1.8,8.8,High,8
659,18,Other,9.6,5.5,0.4,2.4,6.1,Moderate,6
660,21,Female,9.9,2.6,1.4,4,6.1,Moderate,6
661,24,Other,8,0.2,3.9,2.9,9,High,8
662,18,Male,9.7,0.7,3.7,1.5,8.4,High,6
663,25,Male,8.5,3.4,1.8,2.8,7.5,Moderate,8
664,21,Male,5.9,4.2,3.3,2.4,8.2,High,5
665,19,Other,9.2,0.8,4,2.7,7.3,Moderate,7
666,18,Other,9.8,1,0.8,3.2,9.2,High,6
667,25,Male,5.8,3.4,5.8,1.6,7.4,High,5
668,24,Other,6.8,0.3,6.6,2.4,7.9,Moderate,6
669,24,Male,5.4,3.6,8.1,1.7,5.2,High,5
670,23,Male,6,3.8,1.4,3.5,9.3,High,5
671,25,Female,10,0.1,4.3,3.2,6.4,Moderate,6
672,22,Other,9.2,0.2,2.8,1.9,9.9,High,6
673,20,Male,9.9,4.9,2.2,0.3,6.7,Moderate,7
674,21,Male,6.1,2.8,8.9,0.8,5.4,Low,8
675,25,Other,5.8,0.9,10.6,0.4,6.3,High,5
676,23,Female,6.6,1.8,6,3.2,6.4,Moderate,7
677,20,Female,6.3,2.1,8.9,0.5,6.2,Moderate,7
678,20,Male,5.7,2.1,6.9,3.2,6.1,High,5
679,18,Other,5.4,2.9,5.8,0.6,9.3,High,5
680,20,Female,7.9,3,3.6,0.5,9,High,8
681,22,Other,6.4,2.9,6.5,2.5,5.7,Low,8
682,24,Other,5.3,2.5,6.4,3.3,6.5,High,5
683,23,Male,7.9,3.9,2,2.9,7.3,Moderate,8
684,20,Female,9.2,5.9,0.1,2.2,6.6,Moderate,6
685,18,Male,6,2.9,4.2,1.5,9.4,High,6
686,22,Female,6.8,5.2,1.2,3.4,7.4,Moderate,6
687,19,Female,7.3,4.6,3.8,1.3,7,Moderate,8
688,24,Female,7.8,3.3,2.4,0.7,9.8,High,8
689,24,Female,6.1,3.3,4.6,2.6,7.4,Moderate,6
690,23,Female,5.9,1.7,8.4,2.3,5.7,High,5
691,24,Other,9.1,1.7,6.4,0.7,6.1,Moderate,7
692,20,Male,6.8,0.5,6.6,3.2,6.9,Moderate,6
693,18,Other,9,0.7,3.1,3.4,7.8,Moderate,8
694,24,Female,6.2,1.6,6.6,3.5,6.1,Moderate,7
695,24,Male,9,3.8,2.7,3.5,5,Low,9
696,19,Female,5.5,2.9,6.9,1.4,7.3,High,5
697,19,Male,6.5,1.2,6.5,0.2,9.6,High,6
698,21,Other,8.8,0.9,5.1,1.9,7.3,Moderate,8
699,22,Male,8,6,0.9,1.7,7.4,Moderate,7
700,20,Male,5.2,1.2,7.8,0.7,9.1,High,5
701,24,Male,8.1,5.5,1.7,2,6.7,Moderate,8
702,25,Male,7.8,2.6,8.2,0.1,5.3,Low,9
703,24,Male,5.1,2.7,6.4,0.6,9.2,High,5
704,18,Female,5.9,2.3,6.7,1.1,8,High,5
705,21,Male,8.8,0.6,4,1.6,9,High,8
706,22,Male,9.6,1.4,2.3,2.3,8.4,High,7
707,25,Other,9.1,3.1,6.4,0.1,5.3,Low,8
708,21,Male,9.8,4,3.4,0.1,6.7,Moderate,7
709,23,Other,8.1,3.5,1.6,1.1,9.7,High,8
710,22,Female,8.7,0.6,1.5,3.5,9.7,High,8
711,24,Male,5.1,4.3,4.3,3.9,6.4,High,5
712,24,Other,6.7,0.5,5.6,1.2,10,High,6
713,22,Other,6.7,5,4.1,1,7.2,Moderate,6
714,24,Female,5.8,3.6,8.9,0.4,5.3,High,5
715,20,Male,7.2,3,4.1,3.9,5.8,Low,9
716,22,Male,8.8,2.3,1.6,3,8.3,High,8
717,21,Other,8.8,0.1,2.3,3.3,9.5,High,8
718,22,Male,9.5,3.6,0.4,3.5,7,Moderate,6
719,25,Other,6.4,1.1,7.1,2.8,6.6,Moderate,7
720,24,Male,5.6,4.4,3.6,3.3,7.1,High,5
721,20,Other,7.5,1.8,5.8,1.2,7.7,Moderate,8
722,20,Male,7.7,5.4,4.6,0.5,5.8,Low,9
723,23,Female,8.3,5.6,0.5,2.9,6.7,Moderate,7
724,21,Male,7,1.7,3.4,3.6,8.3,High,8
725,19,Male,9,0.6,6,3.3,5.1,Low,9
726,19,Female,6.1,0.4,8,3.9,5.6,Low,8
727,22,Male,5.2,4,3.8,3,8,High,5
728,23,Female,6.5,5.6,3.7,2.3,5.9,Low,8
729,18,Male,6.3,4.6,0.1,3.9,9.1,High,5
730,22,Other,8.5,2.7,7.3,0.2,5.3,Low,9
731,23,Other,6.3,3.5,5.6,2.5,6.1,Moderate,6
732,21,Male,6.8,2.2,4,1.9,9.1,High,7
733,21,Male,6,0.5,7.2,1.3,9,High,6
734,21,Male,6.9,4.9,2.1,0.9,9.2,High,6
735,21,Other,7.3,1.8,4.3,1.5,9.1,High,7
736,21,Male,7.4,2.4,6.4,0.1,7.7,Moderate,8
737,23,Other,9.9,3.2,2.5,2.6,5.8,Low,8
738,23,Female,8.1,5.6,2.7,0.5,7.1,Moderate,8
739,20,Other,6.8,3.3,5.3,0.3,8.3,High,6
740,25,Other,6.9,1.4,4.2,2.4,9.1,High,6
741,19,Female,7.1,4.1,5.9,1.4,5.5,Low,9
742,24,Other,5.8,5,5.5,0.7,7,High,5
743,21,Male,5.8,5.3,6,1.7,5.2,High,5
744,18,Male,9.8,0.8,3,2.9,7.5,Moderate,7
745,24,Other,9.6,0.8,0.5,3.7,9.4,High,5
746,23,Male,8.4,2,2.7,2.1,8.8,High,8
747,18,Other,5.7,5,1.3,3.3,8.7,High,4
748,18,Male,9.6,1.4,4.3,1.5,7.2,Moderate,7
749,18,Male,7.6,1.6,3.7,1.9,9.2,High,8
750,20,Other,5,5.9,6.8,1.1,5.2,High,5
751,23,Male,8.6,1.4,2.6,1.6,9.8,High,8
752,18,Other,8.9,1,2.8,1.6,9.7,High,8
753,21,Male,8,3.9,2,0.1,10,High,8
754,22,Male,8.1,1.2,4.3,0.7,9.7,High,7
755,18,Female,7.1,1,7.2,2.2,6.5,Moderate,8
756,20,Female,5.4,2.4,3.8,3.6,8.8,High,6
757,24,Other,8.3,3.6,6.5,0.1,5.5,Low,9
758,23,Female,9.9,0.8,4.9,3.3,5.1,Low,8
759,25,Other,9.6,2,2.7,3.5,6.2,Moderate,7
760,20,Female,5.1,4.7,6.8,2.3,5.1,High,5
761,18,Male,7.9,2.4,7,0.2,6.5,Moderate,8
762,23,Other,6.4,5.4,3,2.8,6.4,Moderate,7
763,22,Other,5.3,2.6,7,2.2,6.9,High,5
764,18,Male,9.1,5.6,2.3,0.9,6.1,Moderate,7
765,20,Other,6.7,5.2,4.8,1.8,5.5,Low,8
766,19,Other,7.6,1,7.1,1.6,6.7,Moderate,8
767,21,Female,8.8,0.6,3.5,3.2,7.9,Moderate,8
768,25,Other,8.4,0.3,6.9,1.6,6.8,Moderate,8
769,24,Male,8.5,1.2,7.5,1.6,5.2,Low,9
770,20,Female,6.5,1,3.5,3.6,9.4,High,7
771,23,Female,8.4,5,2.5,1,7.1,Moderate,8
772,25,Male,8.7,2.2,5.5,0.6,7,Moderate,8
773,25,Male,5.4,6,3.1,1.1,8.4,High,5
774,25,Female,7.3,3.7,2.5,1.2,9.3,High,8
775,18,Other,6.7,3.4,5.1,1.7,7.1,Moderate,6
776,21,Female,9.1,1.3,1.1,2.8,9.7,High,6
777,18,Male,9.1,0.2,5.7,0.1,8.9,High,6
778,23,Female,9.3,0.5,4.4,1,8.8,High,6
779,18,Male,8.4,5.1,1,3.9,5.6,Low,8
780,19,Female,8.4,3,2.2,2.4,8,Moderate,9
781,21,Other,8.8,1.4,5.6,1.1,7.1,Moderate,8
782,21,Female,6.1,0.4,6.4,3,8.1,High,6
783,23,Female,9.2,0.3,6.4,2.4,5.7,Low,8
784,24,Male,6.7,2.8,3.4,3.7,7.4,Moderate,7
785,19,Male,6.3,0.2,12.1,0.3,5.1,Low,8
786,20,Male,6.5,4,5.1,0.7,7.7,Moderate,6
787,18,Female,9.5,2.6,1.9,0.2,9.8,High,7
788,22,Other,8,2,8.3,0.4,5.3,Low,9
789,18,Male,5.7,4.3,2.8,1.6,9.6,High,5
790,25,Male,9,2,0.9,3.6,8.5,High,7
791,18,Female,6.5,0,5.3,3.8,8.4,High,6
792,20,Male,8,0.1,5.1,2.5,8.3,High,7
793,18,Other,8.3,3.2,2.6,1.3,8.6,High,8
794,19,Other,9.6,3.6,2,3.3,5.5,Low,8
795,19,Male,8.6,4.7,3.6,1.6,5.5,Low,9
796,21,Male,7.7,5.1,4.8,0.1,6.3,Moderate,8
797,23,Female,7.6,0.4,3.9,2.3,9.8,High,8
798,24,Other,6.2,0.6,7.6,1.6,8,Moderate,6
799,22,Other,5.9,5.9,5.2,0.4,6.6,High,5
800,25,Male,7.9,2.2,0.5,4,9.4,High,7
801,18,Female,7,4,5.2,1.2,6.6,Moderate,8
802,18,Other,5.6,3.5,6.7,2.5,5.7,High,5
803,20,Other,8.8,3.4,0.5,2.8,8.5,High,7
804,23,Female,5.1,1.7,8.4,0.7,8.1,High,5
805,19,Female,9.2,1,4.1,2.5,7.2,Moderate,7
806,22,Other,5.4,0.3,8.2,2.2,7.9,High,5
807,21,Other,7.7,1.4,7.1,2.3,5.5,Low,9
808,19,Female,8.4,1.5,6.9,2,5.2,Low,9
809,25,Other,9.5,4.5,1,2.5,6.5,Moderate,6
810,23,Male,7.3,1.1,6.2,2.6,6.8,Moderate,8
811,25,Male,6.8,5.5,1,2.2,8.5,High,5
812,24,Female,8.8,2.4,2.8,1.6,8.4,High,8
813,21,Female,6.3,0.7,6.2,3.7,7.1,Moderate,6
814,24,Female,6.7,3,7.2,0.2,6.9,Moderate,7
815,20,Male,10,2.5,3.1,2.6,5.8,Low,8
816,25,Other,7.1,2.3,5.5,3.5,5.6,Low,9
817,20,Male,8.2,0.4,5.3,1.8,8.3,High,7
818,18,Other,8,3.5,4.8,1.9,5.8,Low,9
819,24,Male,5.6,2.4,7.6,1.4,7,High,5
820,23,Other,7.8,3.6,6.4,0.2,6,Moderate,8
821,25,Male,6.7,4.5,1.1,2.3,9.4,High,5
822,22,Female,7,1.7,3.9,3.6,7.8,Moderate,9
823,21,Male,7.2,3.6,6.9,0.6,5.7,Low,9
824,19,Other,7.4,3.8,3.4,0.3,9.1,High,8
825,23,Male,6.4,5.1,0.3,3.1,9.1,High,5
826,23,Male,8.4,1.9,2.1,3.7,7.9,Moderate,9
827,20,Male,5.1,5.9,0.2,3.8,9,High,4
828,24,Female,6.9,0.3,7,2.6,7.2,Moderate,6
829,25,Male,6.9,1.2,4.3,3.6,8,Moderate,7
830,25,Female,7.9,1.3,2.4,3.3,9.1,High,8
831,18,Female,9.1,2.3,1.4,2.2,9,High,6
832,18,Male,7.7,3.3,2.1,3.8,7.1,Moderate,8
833,21,Male,7.9,1.1,6.4,2.5,6.1,Moderate,8
834,20,Male,6.1,4,3,2.1,8.8,High,6
835,23,Other,5.8,1.1,9.9,1.8,5.4,High,5
836,25,Male,7.6,2.9,6.6,1.6,5.3,Low,9
837,22,Female,5.7,3,5,3.4,6.9,High,5
838,20,Male,9.8,0.1,2.5,2.2,9.4,High,6
839,21,Other,5.9,3.2,9.2,0.2,5.5,High,5
840,21,Male,6.5,0.3,4.1,3.4,9.7,High,6
841,20,Other,5.6,3.1,9,0.5,5.8,High,5
842,21,Other,9.7,0.2,1.5,2.7,9.9,High,6
843,20,Male,5.4,0,9.5,2.2,6.9,High,5
844,19,Female,7.1,0.1,7.7,2,7.1,Moderate,8
845,20,Other,5.5,5.7,5.4,0.7,6.7,High,5
846,24,Male,6.2,0.6,9,1.6,6.6,Moderate,6
847,20,Male,8.4,3.3,3.2,3.2,5.9,Low,9
848,21,Female,6.7,4.7,6.1,1.1,5.4,Low,8
849,25,Other,9.4,3,0.6,1,10,High,6
850,24,Other,5.9,4.8,2.4,3.9,7,High,5
851,21,Male,7.1,3.5,3.8,2.9,6.7,Moderate,8
852,18,Male,8.5,0.8,5.2,0.2,9.3,High,7
853,18,Female,7,3.1,4.6,2.2,7.1,Moderate,8
854,25,Female,9.7,5.3,2.7,0.6,5.7,Low,8
855,25,Other,6,1.6,2.9,4,9.5,High,7
856,24,Other,8,3.5,4,1.4,7.1,Moderate,8
857,19,Male,7.8,3.4,5.1,1.9,5.8,Low,9
858,25,Other,8.9,3.4,5.2,1.4,5.1,Low,9
859,18,Female,7.8,4.8,2.3,2.8,6.3,Moderate,8
860,20,Female,6.3,2.5,7.3,0.5,7.4,Moderate,7
861,21,Male,6.4,0,7.5,2.1,8,Moderate,6
862,18,Female,7.9,5.6,1.7,0.1,8.7,High,8
863,18,Female,5.5,3.8,6.9,1.9,5.9,High,5
864,19,Female,6,0.1,6.7,3.6,7.6,Moderate,6
865,24,Female,9.5,1.7,1.2,2.3,9.3,High,6
866,24,Male,7.9,0.7,3,3.7,8.7,High,8
867,23,Male,6.2,1.8,8.9,0.8,6.3,Moderate,7
868,19,Other,5.4,0.5,8.5,2.5,7.1,High,5
869,20,Female,6.1,1.7,8.2,2.1,5.9,Low,8
870,24,Other,8.3,4.8,3.2,2.6,5.1,Low,9
871,21,Male,5.8,5.3,3.1,0.1,9.7,High,5
872,25,Male,9.7,3.3,0,2.7,8.3,High,5
873,19,Male,9.4,0.2,4.7,1.1,8.6,High,6
874,25,Male,5.7,5.2,5.9,0.9,6.3,High,5
875,18,Male,6.2,4.5,3.1,2.7,7.5,Moderate,7
876,21,Male,9.9,3.9,2.3,0.8,7.1,Moderate,7
877,21,Male,8.9,3.2,1,1.2,9.7,High,7
878,18,Female,7.9,1,3.8,2.9,8.4,High,8
879,19,Other,7.1,3.9,4.3,1.2,7.5,Moderate,8
880,18,Male,6,4.7,5.2,1.1,7,Moderate,6
881,25,Female,8.8,3.8,0.4,1.5,9.5,High,7
882,23,Female,6.7,0.4,5.6,1.5,9.8,High,6
883,21,Other,6.2,1.9,8.1,0.4,7.4,Moderate,7
884,22,Male,9.3,3.7,1.1,3.4,6.5,Moderate,6
885,22,Other,9.7,4,1.8,2.8,5.7,Low,8
886,25,Male,5.6,1.9,6.3,2,8.2,High,5
887,20,Female,5.7,5.6,0.3,3.4,9,High,4
888,24,Female,9.7,0.7,1.6,3.2,8.8,High,6
889,18,Female,8.5,4.2,1.5,0.5,9.3,High,8
890,18,Female,5.3,4.3,4.3,0.7,9.4,High,5
891,20,Other,6.9,1,5.3,3.4,7.4,Moderate,7
892,20,Male,7.6,3.6,4,2.9,5.9,Low,9
893,25,Male,9.1,3.1,1.2,3.3,7.3,Moderate,6
894,25,Other,8.6,0.6,4.5,3.5,6.8,Moderate,8
895,20,Male,5.2,5.8,2.5,3.5,7,High,5
896,21,Female,9.7,1.8,5.1,1,6.4,Moderate,7
897,25,Male,5.7,0.1,7.7,1.6,8.9,High,5
898,23,Female,6.7,3.1,6,1.4,6.8,Moderate,6
899,25,Other,7.5,2.9,2.9,3.5,7.2,Moderate,9
900,18,Male,7.1,2.5,3.7,2.4,8.3,High,8
901,25,Other,9.1,3.4,1.8,0.8,8.9,High,6
902,21,Male,7.6,1.9,5.2,3,6.3,Moderate,8
903,20,Female,7.2,4.4,0.4,4,8,Moderate,7
904,18,Other,6.1,0,10.2,1.7,6,Moderate,7
905,25,Male,8.7,0.4,1.9,3.4,9.6,High,8
906,21,Female,7.6,2.1,6.6,0.5,7.2,Moderate,8
907,23,Other,8.6,0.7,5.3,2.5,6.9,Moderate,8
908,25,Other,8.4,3.1,4,1.8,6.7,Moderate,8
909,21,Male,5,4.7,1.5,3.5,9.3,High,5
910,23,Male,8.8,1,2.9,3.9,7.4,Moderate,9
911,20,Male,9.3,0.3,2.7,4,7.7,Moderate,7
912,25,Female,6.2,4.9,6.3,1.6,5,Low,8
913,23,Male,5,1.8,7.2,3.3,6.7,High,5
914,18,Other,7.8,1.7,8.5,0.7,5.3,Low,9
915,20,Other,9.4,5.4,0.6,1.5,7.1,Moderate,6
916,18,Male,5.3,1.8,7.6,3.8,5.5,High,5
917,22,Male,5.8,4.7,5.7,1.3,6.5,High,5
918,19,Other,9.5,1.1,7.5,0.3,5.6,Low,8
919,25,Female,5.4,5.7,1.6,2.2,9.1,High,5
920,23,Male,5.1,3.1,6.6,3.4,5.8,High,5
921,19,Male,9.5,1.6,0.4,3.7,8.8,High,6
922,19,Other,6.9,2.4,7.1,1.2,6.4,Moderate,7
923,23,Male,8.5,1,6.2,0.6,7.7,Moderate,8
924,20,Female,8.2,0.6,3.2,3,9,High,8
925,25,Other,6.9,2.5,6.6,0.3,7.7,Moderate,7
926,22,Male,9.7,0.8,6,1.6,5.9,Low,8
927,18,Other,9.9,1.9,3,0.4,8.8,High,7
928,21,Male,5.7,5.6,3.8,0.8,8.1,High,5
929,18,Male,8.1,2.3,0.5,3.5,9.6,High,7
930,21,Male,6.8,0.9,7.2,2.5,6.6,Moderate,6
931,18,Female,6.9,0.8,5,3.3,8,Moderate,6
932,23,Female,8,4.2,2.7,2.6,6.5,Moderate,8
933,22,Other,6,2.8,5.1,3.3,6.8,Moderate,7
934,25,Male,6.7,4.1,4.2,3.5,5.5,Low,8
935,21,Male,6.6,0.3,9.2,2.8,5.1,Low,8
936,25,Female,5.7,1.8,9.3,0.3,6.9,High,5
937,25,Male,5,2.9,7.1,3.6,5.4,High,5
938,25,Female,9.8,0.8,3.2,0.6,9.6,High,6
939,24,Male,9.4,2,1.7,2.2,8.7,High,7
940,20,Other,6.6,2.2,5.7,3.7,5.8,Low,8
941,18,Male,9.8,3,1,1.4,8.8,High,6
942,25,Male,7.3,1.4,9.1,1,5.2,Low,9
943,18,Female,7.1,1.5,3,3.7,8.7,High,8
944,25,Male,9.5,3.2,2.5,1.4,7.4,Moderate,7
945,21,Male,6.7,2.3,3,3.2,8.8,High,7
946,20,Female,8.1,2.3,0.8,3.8,9,High,7
947,20,Other,7,0.2,4.4,3.4,9,High,7
948,23,Other,6.8,3.8,3.1,3,7.3,Moderate,7
949,24,Female,7.7,1.2,6.2,3,5.9,Low,9
950,23,Female,9.8,4.2,1.7,0.9,7.4,Moderate,7
951,23,Female,7.4,4.6,0.5,1.7,9.8,High,7
952,23,Female,5.6,1.2,9.1,1.8,6.3,High,5
953,23,Female,9.9,1.5,7.4,0.2,5,Low,8
954,23,Other,8.6,3.6,3.4,0.6,7.8,Moderate,8
955,22,Other,9.9,1.3,1,3.1,8.7,High,6
956,20,Female,5.6,2,7.5,3.6,5.3,High,5
957,23,Male,7,2.6,2.9,2.4,9.1,High,8
958,25,Female,8.9,4.6,0.8,0.4,9.3,High,7
959,20,Male,5.8,4.2,6.4,1.7,5.9,High,5
960,20,Female,5.2,1.9,10.1,0.8,6,High,5
961,19,Female,8.3,2,2.5,3.4,7.8,Moderate,9
962,22,Other,8.6,0.7,8.2,0.2,6.3,Moderate,8
963,23,Male,7.8,3.6,4,2.1,6.5,Moderate,8
964,18,Male,8.6,3.1,0.3,3.9,8.1,High,7
965,21,Other,6,4,2.8,2.4,8.8,High,6
966,24,Other,6.7,3.1,4.7,2.1,7.4,Moderate,6
967,25,Other,5.9,0.5,8.4,3.2,6,High,5
968,18,Other,7.8,2.1,5.8,1.1,7.2,Moderate,8
969,22,Male,7.5,1,2.1,3.7,9.7,High,8
970,21,Male,7.8,4.4,2.2,0,9.6,High,8
971,22,Female,9.9,3.1,3.3,0.3,7.4,Moderate,7
972,25,Female,5.4,0.6,8.9,1.7,7.4,High,5
973,20,Other,6,3,4.8,1,9.2,High,6
974,21,Other,9.2,0.7,8.7,0.2,5.2,Low,8
975,20,Other,9.2,1.6,6.2,1.8,5.2,Low,8
976,25,Female,7.9,2,4.6,2.3,7.2,Moderate,8
977,18,Female,6.8,0.6,9.6,0.4,6.6,Moderate,6
978,25,Female,7.3,2.9,4.9,2.5,6.4,Moderate,8
979,18,Female,6.6,5.5,2,1.1,8.8,High,6
980,21,Female,7.7,1.1,3.2,2.4,9.6,High,8
981,21,Female,7.8,3.1,3,3.4,6.7,Moderate,8
982,23,Female,8.4,5.6,1.7,0.3,8,Moderate,8
983,22,Other,7.9,4.6,3.1,0.5,7.9,Moderate,8
984,23,Other,8.1,0.5,3.6,3.6,8.2,High,8
985,22,Other,9.5,4.6,2.6,0.8,6.5,Moderate,7
986,23,Other,7.4,1.4,6.3,3,5.9,Low,9
987,20,Female,6.6,2.8,6.3,0.2,8.1,High,6
988,21,Male,7.1,3.4,4.4,3.1,6,Moderate,8
989,18,Female,7.2,4.9,6.7,0.1,5.1,Low,9
990,22,Male,5.7,5.6,2.5,3.3,6.9,High,5
991,25,Other,8.4,1.1,1.9,3.8,8.8,High,8
992,22,Female,8.8,5.3,0.4,2.8,6.7,Moderate,7
993,18,Other,8.7,0.4,5.7,3.2,6,Moderate,8
994,23,Female,8.2,3.9,1.5,3.9,6.5,Moderate,8
995,22,Other,9,1.6,2,1.5,9.9,High,8
996,24,Male,6.6,4.5,2.3,0.9,9.7,High,6
997,20,Male,7.2,4.5,2.9,2.4,7,Moderate,8
998,21,Male,7,0.3,9.5,1.4,5.8,Low,9
999,18,Female,5.8,3.6,3.2,3.5,7.9,High,5
1000,21,Male,7.5,0,6.4,1.6,8.5,High,7
1001,24,Other,5.2,2.2,5.5,2.6,8.5,High,5
1002,21,Male,8.6,2.5,1.8,3.6,7.5,Moderate,9
1003,22,Male,7.3,2,2.2,3.5,9,High,8
1004,24,Other,9.3,2.8,3.1,0.3,8.5,High,7
1005,20,Male,7.1,5.3,4.1,2.2,5.3,Low,9
1006,25,Other,9.9,3.1,3,0.2,7.8,Moderate,7
1007,22,Female,9.3,1.8,4.5,1.9,6.5,Moderate,7
1008,22,Male,7.4,1.4,5.6,3.1,6.5,Moderate,8
1009,24,Female,9.7,2.1,5.1,1.3,5.8,Low,8
1010,19,Other,7.3,4.3,2.9,3.6,5.9,Low,9
1011,20,Female,5.5,4.3,4.1,0.2,9.9,High,5
1012,24,Female,8.9,0.8,9,0.1,5.2,Low,9
1013,20,Other,7.1,0.2,7,2.4,7.3,Moderate,8
1014,20,Female,7.4,2.3,5,2.1,7.2,Moderate,8
1015,25,Female,6.7,2.6,1.7,3.6,9.4,High,7
1016,22,Other,5.7,3.5,4.6,3.8,6.4,High,5
1017,21,Female,7,6,3.5,1.1,6.4,Moderate,8
1018,25,Other,7.2,3.1,7.7,0.6,5.4,Low,9
1019,25,Female,5.4,1.8,9.2,1.3,6.3,High,5
1020,20,Other,9.1,5.1,0.3,0,9.5,High,5
1021,23,Other,9.8,3.2,4.9,0.6,5.5,Low,8
1022,22,Female,6.4,2.6,2.3,4,8.7,High,7
1023,19,Female,5.8,5.9,3,1.6,7.7,High,5
1024,25,Female,7.7,4.2,3.2,0.9,8,Moderate,8
1025,21,Male,8.1,1.6,2.7,4,7.6,Moderate,9
1026,23,Male,7.2,4.7,3.8,1.4,6.9,Moderate,8
1027,23,Male,7.9,1.9,3.6,3.2,7.4,Moderate,9
1028,19,Other,6.3,0.1,9.5,2,6.1,Moderate,6
1029,25,Female,7.2,5.8,0.8,2,8.2,High,7
1030,21,Other,9.3,3.5,3.2,2.3,5.7,Low,8
1031,22,Male,5.5,2.7,5.7,1.5,8.6,High,5
1032,18,Female,9.8,1,3.1,3.9,6.2,Moderate,7
1033,21,Other,9.8,1.7,2.2,3.6,6.7,Moderate,7
1034,19,Female,8.7,0.3,5.5,1.1,8.4,High,7
1035,23,Other,6.8,1.9,8.6,1.5,5.2,Low,8
1036,22,Female,9.9,2.5,4.4,1.2,6,Moderate,7
1037,21,Male,9.9,1.1,3.5,2.3,7.2,Moderate,7
1038,18,Male,8.4,0.4,6.8,0.4,8,Moderate,8
1039,18,Female,6.1,5,1.9,3,8,Moderate,7
1040,20,Other,5.4,1.2,7.9,3.8,5.7,High,5
1041,20,Male,7.7,0.8,6.3,2.5,6.7,Moderate,8
1042,24,Male,8.5,1.3,6.5,1.6,6.1,Moderate,8
1043,19,Male,9.9,5.4,0.3,1.6,6.8,Moderate,6
1044,25,Female,6.3,3,8.1,1.3,5.3,Low,8
1045,21,Female,9.2,0.9,1.6,3.4,8.9,High,6
1046,21,Other,5,2.5,8.4,2.8,5.3,High,5
1047,25,Other,8.8,1.8,4,2.8,6.6,Moderate,9
1048,24,Other,8.5,5.3,0.1,2.9,7.2,Moderate,7
1049,23,Female,8,5.5,1.8,2.6,6.1,Moderate,8
1050,23,Female,7.4,2,5.7,1.1,7.8,Moderate,8
1051,24,Other,7.8,3,1.7,3.6,7.9,Moderate,9
1052,23,Other,6.6,1.1,8.1,2,6.2,Moderate,7
1053,20,Female,6.3,2.8,6.1,1.3,7.5,Moderate,7
1054,21,Other,9,4.6,1.8,3.1,5.5,Low,9
1055,24,Male,9.2,3.5,3.1,2.6,5.6,Low,8
1056,21,Female,8.2,0.5,7.6,0.1,7.6,Moderate,8
1057,25,Other,7.7,0.8,7.1,1.2,7.2,Moderate,8
1058,18,Female,5.7,5.3,6.8,0.4,5.8,High,5
1059,20,Male,5.5,3.9,5.1,1.9,7.6,High,5
1060,22,Female,5.6,0.3,9.7,0.3,8.1,High,5
1061,20,Female,6.3,2.3,8.6,0.5,6.3,Moderate,7
1062,24,Female,5.6,4.4,2,2.8,9.2,High,5
1063,22,Female,6.7,6,2.3,2.6,6.4,Moderate,7
1064,18,Male,8.5,4.1,1.6,0.1,9.7,High,8
1065,24,Female,9.9,0.1,0.9,3.9,9.2,High,5
1066,19,Female,8.3,5.9,1.1,0.5,8.2,High,7
1067,21,Other,5.2,2.2,5.2,1.8,9.6,High,5
1068,18,Female,7.1,2.8,6.6,0.2,7.3,Moderate,8
1069,21,Other,6.6,2.7,2.5,2.6,9.6,High,7
1070,23,Male,8.3,4.3,1.9,2.7,6.8,Moderate,8
1071,19,Male,5.6,3.9,6.9,1.3,6.3,High,5
1072,19,Male,7.2,1.8,2.1,3.6,9.3,High,8
1073,18,Male,9.1,1.5,5.3,2.7,5.4,Low,8
1074,19,Other,7.8,1.1,4.7,1,9.4,High,7
1075,22,Female,9.1,4.4,1.4,3.6,5.5,Low,7
1076,19,Male,8.8,3.5,3.6,0.4,7.7,Moderate,8
1077,21,Female,5.9,0.3,11.1,0.8,5.9,High,5
1078,21,Other,7.9,4.9,5.9,0.2,5.1,Low,9
1079,24,Other,8,1.6,6.4,1.4,6.6,Moderate,8
1080,21,Other,6,2.1,4.5,2.7,8.7,High,6
1081,24,Male,8.4,5.2,4.3,0.5,5.6,Low,9
1082,21,Female,9.1,3.5,5.1,0.4,5.9,Low,8
1083,22,Female,8.5,3.6,0.7,3.1,8.1,High,7
1084,25,Female,9.8,0.2,4.5,1.3,8.2,High,6
1085,24,Other,8.6,1.1,5.7,0.7,7.9,Moderate,8
1086,20,Male,5.7,4.6,3.3,0.8,9.6,High,5
1087,23,Other,5.7,3.9,3.3,3.6,7.5,High,5
1088,18,Other,8.8,1.4,3,2.4,8.4,High,8
1089,21,Female,9.9,1.5,3.8,1.6,7.2,Moderate,7
1090,19,Other,9.6,1.5,4.1,1,7.8,Moderate,7
1091,25,Female,8.3,5.3,0.5,0.4,9.5,High,7
1092,21,Male,5.9,1.8,6.7,1.2,8.4,High,5
1093,19,Female,5.5,2.5,9.9,0.6,5.5,High,5
1094,23,Male,6,0.6,9.1,2.6,5.7,Low,8
1095,23,Female,9.1,1.9,3.5,3.7,5.8,Low,8
1096,23,Other,8.1,1.3,3.5,2.7,8.4,High,8
1097,19,Other,9.5,3.4,4.1,1.8,5.2,Low,8
1098,21,Male,9.9,1.2,0.6,3.9,8.4,High,6
1099,23,Male,5.5,4.7,4.4,3.2,6.2,High,5
1100,22,Male,7.2,1.9,5,1.7,8.2,High,7
1101,24,Female,9.7,0.3,1.5,3.7,8.8,High,6
1102,19,Female,6.3,5.5,5.6,0.3,6.3,Moderate,6
1103,19,Male,6.3,4.3,2.3,2.9,8.2,High,6
1104,21,Other,9.1,1.4,4.8,0.6,8.1,High,6
1105,19,Female,8,0.6,5.5,1.6,8.3,High,7
1106,19,Female,6.3,4,2.9,0.8,10,High,6
1107,23,Female,7.5,2.4,0.6,3.7,9.8,High,7
1108,21,Male,6.9,0.5,6.9,3.3,6.4,Moderate,6
1109,23,Male,8.1,2.2,3.1,3.9,6.7,Moderate,9
1110,24,Male,5.6,3.5,9.3,0.2,5.4,High,5
1111,25,Male,9.2,1.4,1.8,2,9.6,High,7
1112,24,Male,8.2,0.4,8.1,1.4,5.9,Low,9
1113,25,Other,10,2.4,2.7,2.1,6.8,Moderate,7
1114,23,Other,9.4,1.3,1.9,2.4,9,High,7
1115,24,Male,7.1,0.9,5.5,2.5,8,Moderate,8
1116,21,Female,6.6,3,5.4,2.9,6.1,Moderate,7
1117,18,Male,9.3,4.4,0.7,3.8,5.8,Low,7
1118,23,Other,5.1,3.5,9.7,0,5.7,High,5
1119,25,Other,5,2.5,7.1,2.1,7.3,High,5
1120,22,Female,9.1,3.1,2.2,0.9,8.7,High,6
1121,25,Other,8.1,5,3.9,0.9,6.1,Moderate,8
1122,22,Male,7.2,2.3,2.5,2.7,9.3,High,8
1123,19,Female,6.8,6,2.7,2.5,6,Moderate,7
1124,24,Male,9,1.6,1.9,3.7,7.8,Moderate,9
1125,22,Male,7.5,1.1,4.5,2.3,8.6,High,7
1126,25,Female,9.8,1.8,1.5,1.3,9.6,High,7
1127,19,Male,5.6,2.3,5.7,2.2,8.2,High,5
1128,18,Other,6.1,1,6.6,3.1,7.2,Moderate,7
1129,21,Male,8.6,2,2.7,3.7,7,Moderate,9
1130,21,Female,6.4,2.9,2.1,2.7,9.9,High,7
1131,21,Female,5.9,3.9,4.8,3.9,5.5,High,5
1132,22,Female,8.1,3.8,0.5,2.7,8.9,High,7
1133,18,Male,6.2,5.9,5.2,1.3,5.4,Low,8
1134,22,Female,6.2,1.7,6.9,0.8,8.4,High,6
1135,24,Female,5.1,5.3,5.6,0.9,7.1,High,5
1136,22,Male,8.4,5,3.9,0,6.7,Moderate,8
1137,18,Other,9,3.7,5,0.6,5.7,Low,9
1138,18,Male,8.8,4.9,2.3,1.5,6.5,Moderate,8
1139,24,Female,7,4.6,1.6,3.8,7,Moderate,8
1140,18,Female,9.7,3.7,0.8,0.3,9.5,High,5
1141,25,Male,9,4.4,0.8,0.8,9,High,7
1142,18,Other,7.7,3.5,7,0.6,5.2,Low,9
1143,21,Female,9.8,0.3,5.6,0.1,8.2,High,6
1144,25,Female,5.1,3.3,4,3.3,8.3,High,5
1145,25,Female,5.4,4.1,5.2,2,7.3,High,5
1146,24,Male,8.2,1,6.8,0.6,7.4,Moderate,8
1147,20,Female,5.8,5.8,0.5,2.5,9.4,High,4
1148,20,Other,9,4.8,1.1,1,8.1,High,7
1149,18,Female,7.3,3.6,1.2,2,9.9,High,7
1150,25,Female,7.1,5.1,3.7,0.4,7.7,Moderate,8
1151,20,Other,5.5,1.6,7.2,0.4,9.3,High,5
1152,20,Female,8.9,1.3,4.3,1.4,8.1,High,7
1153,18,Male,8.6,5.2,1.1,0.9,8.2,High,7
1154,20,Male,8.5,4.6,3.2,0.6,7.1,Moderate,8
1155,22,Male,9.1,5.6,1.8,2,5.5,Low,8
1156,19,Other,9.2,2.7,2.8,1.6,7.7,Moderate,7
1157,24,Female,9.2,4.5,0.9,2,7.4,Moderate,6
1158,19,Male,6.2,4.8,3.2,2.3,7.5,Moderate,7
1159,18,Other,5.5,1.4,8.4,1.3,7.4,High,5
1160,21,Female,6.5,0.2,9.7,1.8,5.8,Low,8
1161,24,Other,7.8,2.1,5.3,2.2,6.6,Moderate,8
1162,18,Male,6.2,2.7,7.2,1,6.9,Moderate,7
1163,25,Male,8.5,0.1,5.8,0.8,8.8,High,7
1164,21,Male,6,4.5,4.5,2.3,6.7,Moderate,6
1165,19,Other,6,5.2,4.1,3.4,5.3,Low,8
1166,18,Other,5.6,1.1,7.1,3.6,6.6,High,5
1167,25,Male,6,5.7,4.5,0.3,7.5,Moderate,6
1168,24,Other,6.3,4.1,1.8,2.2,9.6,High,6
1169,24,Male,6.3,3.6,1.8,4,8.3,High,6
1170,23,Male,5.8,1.7,7.8,1.2,7.5,High,5
1171,25,Female,7.7,0.5,5.9,3,6.9,Moderate,8
1172,22,Other,7.3,1.9,3.4,3.2,8.2,High,8
1173,20,Male,8.9,1,5.1,3.5,5.5,Low,9
1174,21,Male,7.9,2.3,1.9,3.8,8.1,High,8
1175,25,Other,5.9,0.2,12.3,0.3,5.3,High,5
1176,23,Female,5.8,1.8,7.4,3.3,5.7,High,5
1177,20,Female,6.3,2.9,7.1,1.5,6.2,Moderate,7
1178,20,Male,5.3,3.8,9,0.6,5.3,High,5
1179,18,Other,7.6,3.2,4.6,3.3,5.3,Low,9
1180,20,Female,8,1.3,7.4,1.3,6,Moderate,8
1181,22,Other,5.1,4.8,4.6,3.9,5.6,High,5
1182,24,Other,8.5,3.9,5.3,0.6,5.7,Low,9
1183,23,Male,8.5,0.5,2.4,3.7,8.9,High,8
1184,20,Female,8.5,2.4,6.8,0.3,6,Moderate,8
1185,18,Male,5.5,5.7,0.6,2.6,9.6,High,4
1186,22,Female,7.5,0.7,8.6,0.2,7,Moderate,8
1187,19,Female,8.9,4.8,1.9,1.4,7,Moderate,8
1188,24,Female,9,4.2,3.3,0.6,6.9,Moderate,8
1189,24,Female,5.5,3.8,7.2,1.5,6,High,5
1190,23,Female,7.8,0.8,3.9,3.6,7.9,Moderate,8
1191,24,Other,8.2,3.6,1.9,3.4,6.9,Moderate,8
1192,20,Male,5.8,4.8,2.2,2.4,8.8,High,5
1193,18,Other,7.3,1,6.8,0.3,8.6,High,7
1194,24,Female,9.2,0.9,3.1,2.7,8.1,High,6
1195,24,Male,5.8,5.8,3.4,3.4,5.6,High,6
1196,19,Female,6.5,3.8,3.4,0.4,9.9,High,6
1197,19,Male,5.3,3.3,4.9,3.7,6.8,High,5
1198,21,Other,9.2,1.2,5.8,1.5,6.3,Moderate,7
1199,22,Male,8.8,2.7,1.1,2.3,9.1,High,7
1200,20,Male,9.8,1.4,1.8,1.7,9.3,High,7
1201,24,Male,9.8,1.9,5,1.6,5.7,Low,8
1202,25,Male,8.9,2.3,3,1.2,8.6,High,8
1203,24,Male,6.9,2.7,3.9,3.1,7.4,Moderate,7
1204,18,Female,6.8,3.1,3.3,3.2,7.6,Moderate,7
1205,21,Male,6.4,5.6,2.5,1.1,8.4,High,6
1206,22,Male,8.1,3.1,4.5,0.1,8.2,High,7
1207,25,Other,5.4,1.2,8.3,1.4,7.7,High,5
1208,21,Male,5.2,4.3,7,0.2,7.3,High,5
1209,23,Other,6.2,4.5,3.6,2,7.7,Moderate,7
1210,22,Female,6.2,3.9,5.5,1.1,7.3,Moderate,6
1211,24,Male,7.1,0.4,4.9,3.3,8.3,High,7
1212,24,Other,5.2,3.4,8.3,2.1,5,High,5
1213,22,Other,7.7,1.3,1.5,3.9,9.6,High,8
1214,24,Female,6.2,2.8,7.8,1.9,5.3,Low,8
1215,20,Male,6.8,1,6.6,2.3,7.3,Moderate,7
1216,22,Male,9.7,4.2,0.4,1.4,8.3,High,5
1217,21,Other,8.7,5,4.1,0.2,6,Moderate,8
1218,22,Male,7.3,3.8,6.8,1,5.1,Low,9
1219,25,Other,6.4,3.4,3.4,3,7.8,Moderate,7
1220,24,Male,10,0.7,1.7,2.8,8.8,High,6
1221,20,Other,7.2,5.1,2.9,1.3,7.5,Moderate,8
1222,20,Male,5.3,5.3,3.9,3.5,6,High,6
1223,23,Female,7.6,5.6,2.9,1.3,6.6,Moderate,8
1224,21,Male,6,2.5,4.6,1.6,9.3,High,6
1225,19,Male,8.8,2.3,2.3,3.7,6.9,Moderate,9
1226,19,Female,7.2,0.9,9.6,1,5.3,Low,9
1227,22,Male,6.3,2.9,2,3.1,9.7,High,7
1228,23,Female,8.9,2,1.6,2.1,9.4,High,8
1229,18,Male,5.6,3.2,6.9,0.5,7.8,High,5
1230,22,Other,5.3,3.3,3.7,1.9,9.8,High,5
1231,23,Other,7.2,1.2,2.4,4,9.2,High,8
1232,21,Male,6.3,4.1,7,1.4,5.2,Low,8
1233,21,Male,9.1,0.2,3.9,1.1,9.7,High,6
1234,21,Male,8.3,2.4,0.5,3.1,9.7,High,7
1235,21,Other,8.6,3.1,0.2,3.9,8.2,High,7
1236,21,Male,8,2.9,5,0.5,7.6,Moderate,8
1237,23,Other,6,2.9,7,0,8.1,High,6
1238,23,Female,8,1.8,4.2,2.9,7.1,Moderate,8
1239,20,Other,9.8,0.8,5.4,0.9,7.1,Moderate,6
1240,25,Other,6,0.5,8.3,3.1,6.1,Moderate,6
1241,19,Female,5.4,4.8,6.4,0,7.4,High,5
1242,24,Other,5.3,4.7,2,2.7,9.3,High,5
1243,21,Male,7.5,1,3.1,3.2,9.2,High,8
1244,18,Male,6.1,1.3,6.1,0.6,9.9,High,6
1245,24,Other,5.3,6,3,0.7,9,High,5
1246,23,Male,9.6,0,3,3.6,7.8,Moderate,7
1247,18,Other,8.3,5.3,4,1,5.4,Low,9
1248,18,Male,9.8,1.4,3.7,3.2,5.9,Low,8
1249,18,Male,7.8,3,5.4,0.3,7.5,Moderate,8
1250,20,Other,7.9,0.1,7.2,2.1,6.7,Moderate,8
1251,23,Male,6.8,0.3,5.2,2.9,8.8,High,6
1252,18,Other,5.8,2.1,7.9,2.3,5.9,High,5
1253,21,Male,6.9,2.5,3.9,2.2,8.5,High,7
1254,22,Male,5.4,4.2,5.5,3.5,5.4,High,5
1255,18,Female,6.9,3.4,3,1.1,9.6,High,6
1256,20,Female,7.4,0.3,6.4,1.6,8.3,High,7
1257,24,Other,7.3,1.8,5.7,3.2,6,Moderate,8
1258,23,Female,5.6,1.5,7.1,1.1,8.7,High,5
1259,25,Other,7.7,2.6,1.8,2.3,9.6,High,8
1260,20,Female,5.6,3.2,7.1,0.5,7.6,High,5
1261,18,Male,9.3,2.9,0.9,1.2,9.7,High,6
1262,23,Other,7.5,4.4,4.6,1.5,6,Moderate,8
1263,22,Other,7.4,3.2,6.2,1.6,5.6,Low,9
1264,18,Male,7.8,3.1,1.3,2.8,9,High,7
1265,20,Other,8.3,3.1,4.9,0.6,7.1,Moderate,8
1266,19,Other,5.4,2.7,4.1,2.3,9.5,High,5
1267,21,Female,7.5,4,0.5,3.2,8.8,High,7
1268,25,Other,8.4,2.1,0.4,3.6,9.5,High,7
1269,24,Male,6.6,1.1,7.4,3.5,5.4,Low,8
1270,20,Female,5.7,1.8,8.9,1.3,6.3,High,5
1271,23,Female,6.7,4.5,3.1,1.8,7.9,Moderate,7
1272,25,Male,5.8,0.8,7.7,3,6.7,High,5
1273,25,Male,6.2,0.4,7.5,3.2,6.7,Moderate,6
1274,25,Female,8.3,1.4,4.4,2.1,7.8,Moderate,8
1275,18,Other,8.5,0.1,4.9,1.2,9.3,High,7
1276,21,Female,9,1.3,5.7,0.3,7.7,Moderate,8
1277,18,Male,7.8,3.4,1.2,3.2,8.4,High,7
1278,23,Female,7.9,4.4,1.5,1.2,9,High,8
1279,18,Male,7.3,4.9,3.7,1.2,6.9,Moderate,8
1280,19,Female,5.5,1.4,5.2,3.6,8.3,High,5
1281,21,Other,9.3,1.2,1.7,3.3,8.5,High,7
1282,21,Female,8.9,0.5,7.2,1.2,6.2,Moderate,8
1283,23,Female,8,0.5,4.7,1.7,9.1,High,7
1284,24,Male,7.3,0.8,2.9,3.2,9.8,High,8
1285,19,Male,5.8,3.4,3.7,1.4,9.7,High,5
1286,20,Male,8.4,0.3,3.9,4,7.4,Moderate,8
1287,18,Female,6.4,3.3,2.7,1.6,10,High,6
1288,22,Other,9.2,3.4,4.6,1.8,5,Low,8
1289,18,Male,6.4,1,5.5,1.1,10,High,6
1290,25,Male,9.9,0.3,1.2,3.6,9,High,5
1291,18,Female,5.6,5.2,2.5,1.3,9.4,High,5
1292,20,Male,8.7,2.7,4.4,1.1,7.1,Moderate,8
1293,18,Other,6.8,2.9,4.2,0.2,9.9,High,6
1294,19,Other,9.7,1.8,0.4,3.5,8.6,High,6
1295,19,Male,9.1,1,2.4,2.2,9.3,High,7
1296,21,Male,9.8,1.8,4,1.1,7.3,Moderate,7
1297,23,Female,5.3,0.7,10.4,2.1,5.5,High,5
1298,24,Other,8.7,2.1,2.8,3.2,7.2,Moderate,9
1299,22,Other,8.9,0.3,6.8,1.3,6.7,Moderate,8
1300,25,Male,9.3,3.4,1.4,3.7,6.2,Moderate,6
1301,18,Female,9.9,4.4,0.2,2.1,7.4,Moderate,6
1302,18,Other,8.4,2.4,6.3,0.9,6,Moderate,8
1303,20,Other,7.6,5.5,0.8,0.4,9.7,High,7
1304,23,Female,9.6,0.8,3.9,3.9,5.8,Low,8
1305,19,Female,9.5,1.2,7.4,0.3,5.6,Low,8
1306,22,Other,6.1,5.6,4,0.3,8,Moderate,7
1307,21,Other,5.1,2,4.3,3.1,9.5,High,5
1308,19,Female,5.4,5.5,1.1,2.5,9.5,High,4
1309,25,Other,7.7,1.8,4.4,0.3,9.8,High,7
1310,23,Male,7.5,0.4,4.4,3.8,7.9,Moderate,8
1311,25,Male,9.3,2.3,2.9,1.4,8.1,High,7
1312,24,Female,8.8,1.1,4.2,1.1,8.8,High,7
1313,21,Female,9.7,5.4,0.4,1.9,6.6,Moderate,6
1314,24,Female,7.3,5.4,3.6,2,5.7,Low,9
1315,20,Male,7.5,4.8,0.5,1.5,9.7,High,7
1316,25,Other,5.2,3.9,8,0.8,6.1,High,5
1317,20,Male,6.2,4.8,6.5,0.2,6.3,Moderate,6
1318,18,Other,6,1.3,5.7,3.9,7.1,Moderate,7
1319,24,Male,6.9,5.5,4.4,0.7,6.5,Moderate,6
1320,23,Other,6.1,3.4,4.6,0.2,9.7,High,6
1321,25,Male,7,3.9,4.8,0.2,8.1,High,7
1322,22,Female,7.1,0.8,9.1,0.4,6.6,Moderate,8
1323,21,Male,6.6,4.4,1.4,1.9,9.7,High,5
1324,19,Other,8.4,0.1,2.9,3.5,9.1,High,8
1325,23,Male,5.7,1.4,6,3.1,7.8,High,5
1326,23,Male,9.1,2.2,5.5,0,7.2,Moderate,7
1327,20,Male,8.5,4.9,0.2,2.7,7.7,Moderate,7
1328,24,Female,6.5,0.6,4.5,2.6,9.8,High,6
1329,25,Male,8.3,2.4,2.7,1.4,9.2,High,8
1330,25,Female,7.7,2.6,6.7,1.7,5.3,Low,9
1331,18,Female,8.9,0.1,3,3.3,8.7,High,8
1332,18,Male,9.2,0.5,1.3,3.3,9.7,High,5
1333,21,Male,5.8,0.2,9,1.9,7.1,High,5
1334,20,Male,8.3,3.5,0.3,2.3,9.6,High,7
1335,23,Other,5.2,1.1,8.5,2.5,6.7,High,5
1336,25,Male,7.7,0,8,1.5,6.8,Moderate,8
1337,22,Female,6.3,4.8,5.9,0.8,6.2,Moderate,6
1338,20,Male,6.2,0.5,6.3,3.5,7.5,Moderate,6
1339,21,Other,7.8,4.9,1.5,3,6.8,Moderate,8
1340,21,Male,6.9,0.9,7.1,3.9,5.2,Low,8
1341,20,Other,7.9,3.5,3.2,1.1,8.3,High,8
1342,21,Other,7.7,4,4.2,1.8,6.3,Moderate,8
1343,20,Male,8.2,0.8,4.5,1.6,8.9,High,7
1344,19,Female,6,2.9,6.4,0.1,8.6,High,6
1345,20,Other,9.6,1.4,1.5,2.1,9.4,High,7
1346,24,Male,9.5,4.1,0.4,1,9,High,5
1347,20,Male,8.4,3,0.8,2.1,9.7,High,7
1348,21,Female,5.8,1.1,9.9,2,5.2,High,5
1349,25,Other,8.1,0.4,7,1.7,6.8,Moderate,8
1350,24,Other,7.8,4.3,1.5,2.5,7.9,Moderate,8
1351,21,Male,7.2,2.9,4.1,3.1,6.7,Moderate,8
1352,18,Male,5.5,5.5,6.2,0.3,6.5,High,5
1353,18,Female,6.8,3.6,4.7,0.5,8.4,High,6
1354,25,Female,9.8,3.7,4.7,0.8,5,Low,8
1355,25,Other,5.1,1.5,10.8,0.3,6.3,High,5
1356,24,Other,7,0.9,3.8,3.7,8.6,High,8
1357,19,Male,9,0.3,3.5,3.6,7.6,Moderate,8
1358,25,Other,7.7,5.3,1,0.5,9.5,High,7
1359,18,Female,5.4,1.7,7.9,1.9,7.1,High,5
1360,20,Female,8.4,1,6.4,1.8,6.4,Moderate,8
1361,21,Male,9.3,2.7,1.6,3,7.4,Moderate,7
1362,18,Female,8.9,1.3,3.6,0.5,9.7,High,8
1363,18,Female,8.8,0.6,2,2.9,9.7,High,8
1364,19,Female,9.8,4.5,0.5,0.4,8.8,High,5
1365,24,Female,7.6,2.8,3.9,3.3,6.4,Moderate,9
1366,24,Male,8.1,4,1.7,1.6,8.6,High,8
1367,23,Male,9.3,2.7,3.2,0.2,8.6,High,7
1368,19,Other,6.9,4.5,1.7,3.5,7.4,Moderate,7
1369,20,Female,10,4.6,2,1.9,5.5,Low,8
1370,24,Other,8.9,4.6,2.7,1.6,6.2,Moderate,8
1371,21,Male,8,2.3,3.9,3.7,6.1,Moderate,9
1372,25,Male,7.5,1.1,5.7,1.9,7.8,Moderate,8
1373,19,Male,5.7,4.6,2.4,2.2,9.1,High,5
1374,25,Male,9.7,1.1,5.1,0.5,7.6,Moderate,7
1375,18,Male,6.9,4.8,4.4,1.6,6.3,Moderate,6
1376,21,Male,5.7,3.7,6.3,2,6.3,High,5
1377,21,Male,9.7,3.3,0.3,2.9,7.8,Moderate,6
1378,18,Female,9.3,0.1,1.2,3.9,9.5,High,5
1379,19,Other,5,2.7,4.9,1.7,9.7,High,5
1380,18,Male,8.1,5.2,2.1,1.9,6.7,Moderate,8
1381,25,Female,9.1,4.4,0.5,1.7,8.3,High,5
1382,23,Female,8.3,5.2,3.9,0.2,6.4,Moderate,8
1383,21,Other,9.3,5.2,0.5,3.2,5.8,Low,7
1384,22,Male,5.3,0.3,9.6,2.2,6.6,High,5
1385,22,Other,6.3,1.1,6.2,1.8,8.6,High,6
1386,25,Male,6.6,5.8,2.8,1.4,7.4,Moderate,7
1387,20,Female,7.2,5.3,3.2,0.1,8.2,High,8
1388,24,Female,7.9,0.3,4.6,2.4,8.8,High,7
1389,18,Female,6,3,6.8,2.5,5.7,Low,8
1390,18,Female,8.6,0.2,2.1,3.4,9.7,High,8
1391,20,Other,5.8,5.9,4.8,2,5.5,High,5
1392,20,Male,5.6,2.6,6.4,2.6,6.8,High,5
1393,25,Male,5.2,5.5,3.3,3.6,6.4,High,5
1394,25,Other,9.8,2.7,2.5,0.1,8.9,High,7
1395,20,Male,5.3,5.9,4.8,1.5,6.5,High,5
1396,21,Female,6.2,3.2,3.6,3.8,7.2,Moderate,7
1397,25,Male,5.3,1.2,7.3,2.8,7.4,High,5
1398,23,Female,6.1,5.2,4.5,2.3,5.9,Low,8
1399,25,Other,6.8,1.3,4.1,2.1,9.7,High,6
1400,18,Male,8.5,2.1,2.1,1.6,9.7,High,8
1401,25,Other,7.3,2.8,5.2,1.1,7.6,Moderate,8
1402,21,Male,7.5,3.3,6.4,0.2,6.6,Moderate,8
1403,20,Female,9.9,5,0.3,3,5.8,Low,7
1404,18,Other,7.7,5.1,0.9,1.8,8.5,High,7
1405,25,Male,7.5,3.5,4.1,1.5,7.4,Moderate,8
1406,21,Female,5.6,0.5,10,2.4,5.5,High,5
1407,23,Other,7.9,0.5,6.4,1.6,7.6,Moderate,8
1408,25,Other,8.4,1.1,2.4,2.2,9.9,High,8
1409,21,Male,6.4,2.5,5.7,3.9,5.5,Low,8
1410,23,Male,6.4,0.4,6,2.1,9.1,High,6
1411,20,Male,8.4,1.5,4.7,3.6,5.8,Low,9
1412,25,Female,6.8,1.3,6.4,1.6,7.9,Moderate,7
1413,23,Male,5.9,3.5,2.4,3.9,8.3,High,5
1414,18,Other,7.4,3.3,3.7,3.3,6.3,Moderate,8
1415,20,Other,5.4,4.3,7.1,0.7,6.5,High,5
1416,18,Male,7.3,2.2,5.8,1.7,7,Moderate,8
1417,22,Male,8.3,4,5,1.2,5.5,Low,9
1418,19,Other,5.1,5.4,6.7,0.8,6,High,5
1419,25,Female,6.4,0.8,9.8,0.9,6.1,Moderate,6
1420,23,Male,6.7,4.2,4.8,2.6,5.7,Low,8
1421,19,Male,8.3,0.7,6.2,1,7.8,Moderate,8
1422,19,Other,9.4,5.9,0,2.4,6.3,Moderate,6
1423,23,Male,6.1,1.5,6.8,1.6,8,Moderate,7
1424,20,Female,6.9,2.3,3.7,1.5,9.6,High,7
1425,25,Other,8.1,1.4,2.7,2.6,9.2,High,8
1426,22,Male,8.3,0.1,6.6,2,7,Moderate,8
1427,18,Other,6.7,0.8,5.3,1.8,9.4,High,6
1428,21,Male,7.1,5.8,1.4,2.7,7,Moderate,7
1429,18,Male,5.5,2.4,4.9,3.2,8,High,5
1430,21,Male,5.4,5.1,3.9,0.3,9.3,High,5
1431,18,Female,7.7,5,2.5,2.7,6.1,Moderate,8
1432,23,Female,8,5.6,2,1.3,7.1,Moderate,8
1433,22,Other,5.1,0.6,5.1,4,9.2,High,5
1434,25,Male,8.9,0.3,7.4,1,6.4,Moderate,8
1435,21,Male,7.8,4.4,3,2,6.8,Moderate,8
1436,25,Female,8.2,1.5,4.2,2.2,7.9,Moderate,8
1437,25,Male,6.1,3,9,0.5,5.4,Low,8
1438,25,Female,7,2.4,4.3,1.4,8.9,High,7
1439,24,Male,8,5.9,3.9,0.2,6,Moderate,9
1440,20,Other,9.7,1,1.4,2.8,9.1,High,6
1441,18,Male,8.2,2.5,3.1,1.9,8.3,High,8
1442,25,Male,8.7,3,1.5,3.2,7.6,Moderate,9
1443,18,Female,7.5,5.4,2.6,2.9,5.6,Low,9
1444,25,Male,5,1,9.3,3,5.7,High,5
1445,21,Male,9.6,2.5,1.1,2.9,7.9,Moderate,6
1446,20,Female,7.7,4.1,6.7,0.5,5,Low,9
1447,20,Other,7.6,0.4,6,2.9,7.1,Moderate,8
1448,23,Other,5.6,5.9,0.3,3.6,8.6,High,4
1449,24,Female,10,1.7,6.3,0,6,Moderate,7
1450,23,Female,6.6,4,1.9,3.6,7.9,Moderate,7
1451,23,Female,6.7,1.3,7.6,2.5,5.9,Low,8
1452,23,Female,6.2,2.7,4,1.6,9.5,High,7
1453,23,Female,9.9,2,2.5,3,6.6,Moderate,7
1454,23,Other,7.6,3.9,3.9,2.8,5.8,Low,9
1455,22,Other,9.5,2.5,0.8,1.8,9.4,High,6
1456,20,Female,8.3,0.2,5,3.9,6.6,Moderate,8
1457,23,Male,5.3,0.1,9.5,2.5,6.6,High,5
1458,25,Female,5.8,4.1,5.8,1.1,7.2,High,5
1459,20,Male,6.6,3.6,5.4,0.8,7.6,Moderate,6
1460,20,Female,7.4,3.4,1.9,2.7,8.6,High,8
1461,19,Female,8.9,3,4.4,2.5,5.2,Low,9
1462,22,Other,9.4,1.2,2.4,2.8,8.2,High,7
1463,23,Male,9.4,1.9,1.7,2.2,8.8,High,7
1464,18,Male,5.4,0.3,5.7,3.9,8.7,High,5
1465,21,Other,8.1,2,2.1,2.1,9.7,High,8
1466,24,Other,6.5,5,2.6,1.2,8.7,High,6
1467,25,Other,6.3,3.6,5.2,3.5,5.4,Low,8
1468,18,Other,6.7,1.7,5.7,2.8,7.1,Moderate,7
1469,22,Male,8.2,1,1.8,3,10,High,8
1470,21,Male,5.2,2.2,5.5,3.4,7.7,High,5
1471,22,Female,5.4,5.7,4.9,1.8,6.2,High,5
1472,25,Female,5,4.5,3,3.7,7.8,High,5
1473,20,Other,5.5,2.5,5.9,0.6,9.5,High,5
1474,21,Other,5,4.9,5.9,0.6,7.6,High,5
1475,20,Other,9.6,1.3,5.2,2.5,5.4,Low,8
1476,25,Female,8.7,1.8,4.8,0.7,8,Moderate,8
1477,18,Female,5.9,4.4,4,2.4,7.3,High,5
1478,25,Female,5.6,2.6,7.2,2.8,5.8,High,5
1479,18,Female,6.3,5.3,3.2,3,6.2,Moderate,7
1480,21,Female,7,4.3,4.2,0.4,8.1,High,7
1481,21,Female,6.4,2.3,4.5,2.5,8.3,High,6
1482,23,Female,6.2,1.9,5.6,2.8,7.5,Moderate,7
1483,22,Other,6.7,4.8,5.7,0.1,6.7,Moderate,6
1484,23,Other,9.4,0.1,7.1,0.1,7.3,Moderate,6
1485,22,Other,6.7,5.2,0.4,2,9.7,High,5
1486,23,Other,7.1,3.9,4.4,0.9,7.7,Moderate,8
1487,20,Female,9.7,0.9,4.8,0,8.6,High,6
1488,21,Male,9.9,1.9,6.5,0.5,5.2,Low,8
1489,18,Female,8.6,5.1,4.3,0.4,5.6,Low,9
1490,22,Male,6.3,5.6,3.9,2.1,6.1,Moderate,7
1491,25,Other,6.8,2.1,3.3,2.3,9.5,High,7
1492,22,Female,9.7,1.2,2.4,3.4,7.3,Moderate,7
1493,18,Other,6,2.5,7.3,0.4,7.8,Moderate,7
1494,23,Female,8,4.2,4.2,1.8,5.8,Low,9
1495,22,Other,7.8,2.5,3.3,3.5,6.9,Moderate,9
1496,24,Male,9.2,1.6,1.6,2.5,9.1,High,7
1497,20,Male,6.5,4.2,7.6,0.1,5.6,Low,8
1498,21,Male,7.1,1.4,6.3,1.7,7.5,Moderate,8
1499,18,Female,5.3,1.2,11,0.8,5.7,High,5
1500,21,Male,9.2,0.2,7.8,0,6.8,Moderate,6
1501,24,Other,7.7,1.6,1.4,3.6,9.7,High,7
1502,21,Male,5.3,2.7,7.6,0.2,8.2,High,5
1503,22,Male,5.5,4.9,2.3,3.6,7.7,High,5
1504,24,Other,5.8,3,7,1.6,6.6,High,5
1505,20,Male,7.5,4.8,0.9,1.8,9,High,7
1506,25,Other,7.9,1.3,5,3.5,6.3,Moderate,8
1507,22,Female,5.2,6,3.3,3.2,6.3,High,5
1508,22,Male,9.4,2.3,3.3,2,7,Moderate,7
1509,24,Female,5,1.5,9.6,0.2,7.7,High,5
1510,19,Other,8.2,4.3,4.3,1.6,5.6,Low,9
1511,20,Female,9.7,1.6,6.5,0.3,5.9,Low,8
1512,24,Female,8,1.3,2.5,3.1,9.1,High,8
1513,20,Other,7.5,3.5,6.2,0.5,6.3,Moderate,8
1514,20,Female,9.5,0.8,4.3,2.6,6.8,Moderate,6
1515,25,Female,8.1,4.4,4,0.6,6.9,Moderate,8
1516,22,Other,8,0.3,5.6,0.3,9.8,High,7
1517,21,Female,8.3,3.4,0.7,2.1,9.5,High,7
1518,25,Other,8,0.2,8.3,1.9,5.6,Low,9
1519,25,Female,7.1,5.4,5,0.1,6.4,Moderate,8
1520,20,Other,8.7,1.9,0.8,3,9.6,High,7
1521,23,Other,8.4,1.3,7.5,0.8,6,Moderate,8
1522,22,Female,9,3.6,0.7,1.8,8.9,High,7
1523,19,Female,6.4,1.9,6.5,0.9,8.3,High,6
1524,25,Female,9.5,0.6,6.1,1.8,6,Moderate,7
1525,21,Male,5.5,5.5,1.7,2.7,8.6,High,5
1526,23,Male,8.5,0.2,5.5,1,8.8,High,7
1527,23,Male,8.2,1.1,3.7,1.8,9.2,High,8
1528,19,Other,7.3,5.4,1.4,2.5,7.4,Moderate,7
1529,25,Female,9,1.7,2.4,3.4,7.5,Moderate,9
1530,21,Other,7.6,4.8,1.6,0.9,9.1,High,8
1531,22,Male,6.2,0.7,7.7,2.6,6.8,Moderate,6
1532,18,Female,6.7,5.8,1.7,3.4,6.4,Moderate,7
1533,21,Other,5.2,4.2,3.6,1.1,9.9,High,5
1534,19,Female,9.4,0.8,5.2,0.1,8.5,High,6
1535,23,Other,9.8,4.2,3.7,0.7,5.6,Low,8
1536,22,Female,7.4,3.3,5.7,0.9,6.7,Moderate,8
1537,21,Male,9.7,0.9,4.2,1,8.2,High,6
1538,18,Male,7.2,2.5,4.8,2.3,7.2,Moderate,8
1539,18,Female,9.2,0.8,2.6,2.7,8.7,High,6
1540,20,Other,6.6,0.9,7.8,1.9,6.8,Moderate,6
1541,20,Male,8.4,4,5.1,0.4,6.1,Moderate,8
1542,24,Male,7.7,4.1,0.4,3.9,7.9,Moderate,7
1543,19,Male,7.2,3.5,7.1,0.8,5.4,Low,9
1544,25,Female,6,3,3.6,2.4,9,High,7
1545,21,Female,7.5,1.4,3.3,3.1,8.7,High,8
1546,21,Other,5.9,3.2,5.2,1,8.7,High,5
1547,25,Other,5.6,3.9,5.6,2.5,6.4,High,5
1548,24,Other,9.9,1,1.8,2.4,8.9,High,7
1549,23,Female,7,5.8,2.5,0.3,8.4,High,8
1550,23,Female,8.2,2.2,5.2,2.8,5.6,Low,9
1551,24,Other,6.5,5.5,2.1,0.1,9.8,High,6
1552,23,Other,5.5,5.7,1.8,3.3,7.7,High,5
1553,20,Female,8.6,2.2,3.5,0.7,9,High,8
1554,21,Other,7.1,2.9,3.7,0.5,9.8,High,8
1555,24,Male,5.3,4.1,6.2,1.5,6.9,High,5
1556,21,Female,7.4,1.3,3,3.2,9.1,High,8
1557,25,Other,6.2,4.4,4,1.2,8.2,High,6
1558,18,Female,7.6,2.2,4.3,3.7,6.2,Moderate,8
1559,20,Male,6.7,1.2,5.1,1.6,9.4,High,6
1560,22,Female,7.9,0.4,6.1,1.2,8.4,High,7
1561,20,Female,9.7,2.3,4.4,1.6,6,Moderate,7
1562,24,Female,6.5,0.9,10.8,0.2,5.6,Low,8
1563,22,Female,5.1,3.3,6.7,3,5.9,High,5
1564,18,Male,6.5,4.4,4,1.3,7.8,Moderate,7
1565,24,Female,5.5,5.4,2.9,0.8,9.4,High,5
1566,19,Female,7.9,3.2,5.6,0.5,6.8,Moderate,8
1567,21,Other,9,3.5,3.7,1.8,6,Moderate,9
1568,18,Female,8.1,0.6,3.6,3.2,8.5,High,8
1569,21,Other,5.1,2.5,5.1,2.7,8.6,High,5
1570,23,Male,9.6,4.7,1.2,2.4,6.1,Moderate,6
1571,19,Male,5.1,3.4,2,3.9,9.6,High,5
1572,19,Male,8.1,4.5,1.2,3.9,6.3,Moderate,7
1573,18,Male,8.8,0.1,9,0.7,5.4,Low,9
1574,19,Other,6.7,0.6,5.8,2.8,8.1,High,6
1575,22,Female,7.6,4.5,4.2,2.4,5.3,Low,9
1576,19,Male,6.7,5.9,4.3,0.1,7,Moderate,6
1577,21,Female,7.9,4.6,0.8,1.3,9.4,High,7
1578,21,Other,9.8,4.2,2.6,2,5.4,Low,8
1579,24,Other,8.9,5,3.9,0.8,5.4,Low,9
1580,21,Other,8.9,1.6,5.1,3.3,5.1,Low,9
1581,24,Male,5.2,1.2,8.2,0.9,8.5,High,5
1582,21,Female,7.4,1.6,5.9,2,7.1,Moderate,8
1583,22,Female,7,1.8,7.7,2.4,5.1,Low,9
1584,25,Female,5.7,4.2,2.8,2,9.3,High,5
1585,24,Other,5.3,5,5.9,1.8,6,High,5
1586,20,Male,9,1.6,2.2,2.5,8.7,High,8
1587,23,Other,9.7,1.8,1.8,1.8,8.9,High,7
1588,18,Other,5.9,2.8,4,2.2,9.1,High,6
1589,21,Female,9.1,0.1,2,3,9.8,High,6
1590,19,Other,9.3,2.9,2.4,0.2,9.2,High,7
1591,25,Female,6.4,3.2,7.1,1.3,6,Moderate,7
1592,21,Male,7.6,4.6,3.8,1.8,6.2,Moderate,8
1593,19,Female,8.1,0.6,4.9,3.2,7.2,Moderate,8
1594,23,Male,7.9,2.3,3.8,3,7,Moderate,9
1595,23,Female,7.9,2.5,6.8,0.9,5.9,Low,9
1596,23,Other,6.3,2.9,3.1,3.4,8.3,High,7
1597,19,Other,8,0.4,4.4,1.3,9.9,High,7
1598,21,Male,8.9,1.7,0.7,2.9,9.8,High,7
1599,23,Male,9.3,4.8,0.2,1.8,7.9,Moderate,6
1600,22,Male,7.3,1.3,5.3,2.2,7.9,Moderate,8
1601,24,Female,7.5,2.3,8.2,1,5,Low,9
1602,19,Female,5.7,0.3,9.4,1.8,6.8,High,5
1603,19,Male,8.8,0.6,3.4,2.3,8.9,High,8
1604,21,Other,5.7,1.9,10.3,0,6.1,High,5
1605,19,Female,6.5,0.8,7.2,3.9,5.6,Low,8
1606,19,Female,9.8,1.4,4.1,3.4,5.3,Low,8
1607,23,Female,8.2,2.5,5.9,0.1,7.3,Moderate,8
1608,21,Male,5.9,4.1,4,1.7,8.3,High,5
1609,23,Male,5.6,4.7,2.5,3.4,7.8,High,5
1610,24,Male,9.7,0.6,3.4,1.8,8.5,High,6
1611,25,Male,9.8,1.5,3,1.5,8.2,High,7
1612,24,Male,7.2,3,2.8,1,10,High,8
1613,25,Other,6.1,1.7,9.6,0.1,6.5,Moderate,7
1614,23,Other,5.4,3.9,2.5,2.8,9.4,High,5
1615,24,Male,5,1.5,5.4,3.8,8.3,High,5
1616,21,Female,6.2,1.1,9.1,2.1,5.5,Low,8
1617,18,Male,7.3,5.6,1.5,0.5,9.1,High,8
1618,23,Other,7.1,1.9,7.8,1.3,5.9,Low,9
1619,25,Other,5.8,4.4,3.5,3.9,6.4,High,5
1620,22,Female,8.6,4.1,2.8,2.6,5.9,Low,9
1621,25,Other,9.8,5.5,1.1,1,6.6,Moderate,6
1622,22,Male,5.8,2.6,6.6,1.7,7.3,High,5
1623,19,Female,7.2,4.7,4.3,0.1,7.7,Moderate,8
1624,24,Male,7.8,4.7,1.9,0.1,9.5,High,8
1625,22,Male,5.7,5.3,4,1.3,7.7,High,5
1626,25,Female,9,2.9,1.5,2.7,7.9,Moderate,9
1627,19,Male,9,2.2,3.7,2.1,7,Moderate,9
1628,18,Other,8.2,2.4,3.4,0.4,9.6,High,8
1629,21,Male,5.3,3.6,5.4,2.7,7,High,5
1630,21,Female,8.3,5.3,0.9,3.6,5.9,Low,8
1631,21,Female,9.6,4.3,0.5,2.2,7.4,Moderate,6
1632,22,Female,6.4,1.6,7.4,1.6,7,Moderate,7
1633,18,Male,8.4,1,5,0.3,9.3,High,7
1634,22,Female,9.4,1.2,4,3.1,6.3,Moderate,7
1635,24,Female,9.4,4.1,1.3,1.9,7.3,Moderate,6
1636,22,Male,7,5.4,2.4,0,9.2,High,8
1637,18,Other,7.6,1.9,3.6,2.2,8.7,High,8
1638,18,Male,9.3,0.7,4,2.9,7.1,Moderate,7
1639,24,Female,8.4,1.5,5.2,1.6,7.3,Moderate,8
1640,18,Female,10,0.4,2.9,3.6,7.1,Moderate,7
1641,25,Male,9.8,0.4,3.8,3.8,6.2,Moderate,7
1642,18,Other,6.4,5.2,4.9,2.4,5.1,Low,8
1643,21,Female,8.4,1.3,5.2,2.7,6.4,Moderate,8
1644,25,Female,9,2.5,2.9,3.2,6.4,Moderate,9
1645,25,Female,9.1,1.9,2.6,2.4,8,Moderate,7
1646,24,Male,7.2,0.5,6.8,1.8,7.7,Moderate,8
1647,20,Female,6,2.5,6,0.9,8.6,High,6
1648,20,Other,7.7,1.2,6.4,1.8,6.9,Moderate,8
1649,18,Female,7.2,2.5,5,3.5,5.8,Low,9
1650,25,Female,8.5,1,4.5,2.2,7.8,Moderate,8
1651,20,Other,9.7,0.7,4.1,3.2,6.3,Moderate,6
1652,20,Female,5.7,4.3,7.4,1.3,5.3,High,5
1653,18,Male,5,4.8,5.9,0.6,7.7,High,5
1654,20,Male,6.6,0.5,7.9,2.3,6.7,Moderate,6
1655,22,Male,7.1,3.9,6.1,0.8,6.1,Moderate,8
1656,19,Other,7.4,2.5,1.9,2.4,9.8,High,8
1657,24,Female,6.6,1.1,3.4,3.3,9.6,High,7
1658,19,Male,5.3,4.3,3.7,2,8.7,High,5
1659,18,Other,8.3,2.3,3.2,1.2,9,High,8
1660,21,Female,6.6,4.5,1.5,2,9.4,High,6
1661,24,Other,9.3,4.3,2.7,1.6,6.1,Moderate,7
1662,18,Male,5.9,4.5,5.7,1.1,6.8,High,5
1663,25,Male,6.9,5.9,3.1,1.8,6.3,Moderate,7
1664,21,Male,8,2.5,5.7,2.4,5.4,Low,9
1665,19,Other,7.6,3,6,0.2,7.2,Moderate,8
1666,18,Other,9.8,5.1,2.1,0.7,6.3,Moderate,7
1667,25,Male,6,3,7.5,1.3,6.2,Moderate,7
1668,24,Other,9,0.8,5.2,3.2,5.8,Low,9
1669,24,Male,6.3,1.6,8.4,0.7,7,Moderate,7
1670,23,Male,9.9,0.9,3,0.5,9.7,High,6
1671,25,Female,5.7,5.1,2.9,1.4,8.9,High,5
1672,22,Other,7.5,4.4,2.4,1.9,7.8,Moderate,8
1673,20,Male,9.5,0.3,6.1,2.7,5.4,Low,8
1674,21,Male,5.7,3,6.5,1.6,7.2,High,5
1675,25,Other,8.8,1.5,6.2,1.9,5.6,Low,9
1676,23,Female,7.1,3.9,1.2,3.4,8.4,High,7
1677,20,Female,6,2.4,9.9,0.5,5.2,Low,8
1678,20,Male,7.9,1.8,3.2,2.8,8.3,High,8
1679,18,Other,5.4,6,3.3,1.4,7.9,High,5
1680,20,Female,7,1.6,5.8,1.3,8.3,High,7
1681,22,Other,8.6,3.1,4,1.6,6.7,Moderate,8
1682,24,Other,7.9,5.1,1.2,0.2,9.6,High,7
1683,23,Male,5.1,4.4,4.8,3.5,6.2,High,5
1684,20,Female,9.6,2.8,4.2,0.2,7.2,Moderate,7
1685,18,Male,7.4,0.7,8,2.8,5.1,Low,9
1686,22,Female,9.3,2.4,1.5,3.3,7.5,Moderate,7
1687,19,Female,7.1,3.4,5.6,2.8,5.1,Low,9
1688,24,Female,8.4,0,5.5,0.5,9.6,High,7
1689,24,Female,5.5,2,6.4,0.5,9.6,High,5
1690,23,Female,5.2,1.9,7.2,1.8,7.9,High,5
1691,24,Other,8.6,2.4,1.1,2.8,9.1,High,7
1692,20,Male,9.9,2.2,2.2,3.3,6.4,Moderate,7
1693,18,Other,6.6,3.5,8.3,0.6,5,Low,8
1694,24,Female,8,2.6,1.5,3,8.9,High,8
1695,24,Male,7.8,5.4,0.1,2.5,8.2,High,7
1696,19,Female,5.4,2.9,5.4,0.9,9.4,High,5
1697,19,Male,7.2,3.4,2.5,3.3,7.6,Moderate,8
1698,21,Other,5.8,3.6,3.2,3.3,8.1,High,5
1699,22,Male,5.6,5.9,3.8,0.7,8,High,5
1700,20,Male,8,3.9,3.5,2.7,5.9,Low,9
1701,24,Male,6.9,1.9,6.2,3.6,5.4,Low,8
1702,25,Male,6.5,3.9,0.6,3.7,9.3,High,5
1703,24,Male,6.2,3,2.2,3.7,8.9,High,7
1704,18,Female,6.7,1.9,8.1,2.3,5,Low,8
1705,21,Male,8,3.8,0.6,3.4,8.2,High,7
1706,22,Male,7.8,4,4.9,0,7.3,Moderate,8
1707,25,Other,7.9,0.3,4.9,2.9,8,Moderate,8
1708,21,Male,7.1,3.3,6.9,0.3,6.4,Moderate,8
1709,23,Other,8.2,2,4.3,2.9,6.6,Moderate,8
1710,22,Female,5.1,4.2,4.3,2.2,8.2,High,5
1711,24,Male,9.1,2.5,1.7,3.8,6.9,Moderate,7
1712,24,Other,6.5,3.1,5.8,1.9,6.7,Moderate,6
1713,22,Other,5.5,5.6,3.2,3.9,5.8,High,6
1714,24,Female,8.2,1.9,3.6,1.7,8.6,High,8
1715,20,Male,7.5,3.5,4.2,2.3,6.5,Moderate,8
1716,22,Male,6.3,0.4,11.7,0.2,5.4,Low,8
1717,21,Other,5.2,4,6,3.3,5.5,High,5
1718,22,Male,7.6,2.3,5.5,1.2,7.4,Moderate,8
1719,25,Other,10,2.4,3.3,0.5,7.8,Moderate,7
1720,24,Male,7.3,4.3,2.3,3.3,6.8,Moderate,8
1721,20,Other,8.7,1.3,5.1,3.4,5.5,Low,9
1722,20,Male,7.3,0.2,5.6,1,9.9,High,7
1723,23,Female,9.8,2.5,2.4,2.3,7,Moderate,7
1724,21,Male,7.9,5.7,3.9,1.3,5.2,Low,9
1725,19,Male,6.1,1.2,6.5,0.9,9.3,High,6
1726,19,Female,6.3,3,5.3,1.9,7.5,Moderate,7
1727,22,Male,9.4,4.5,4.4,0.5,5.2,Low,8
1728,23,Female,8.9,4,1.3,3,6.8,Moderate,7
1729,18,Male,6.7,2.8,5.1,0.8,8.6,High,6
1730,22,Other,7,5.9,3.9,0.6,6.6,Moderate,8
1731,23,Other,7.2,0.4,7.9,2.4,6.1,Moderate,8
1732,21,Male,6.4,0.5,6,3.5,7.6,Moderate,6
1733,21,Male,7.9,3.9,1,1.5,9.7,High,7
1734,21,Male,5.7,4.9,6.5,1.2,5.7,High,5
1735,21,Other,9.7,2.8,2.5,2.9,6.1,Moderate,7
1736,21,Male,8,5.9,1.6,1.9,6.6,Moderate,8
1737,23,Other,9.4,0.7,0.8,3.4,9.7,High,5
1738,23,Female,7.1,3.6,2.5,3.8,7,Moderate,8
1739,20,Other,6.2,4.1,1.4,3.8,8.5,High,5
1740,25,Other,8.3,1.5,3.1,2.2,8.9,High,8
1741,19,Female,7,1.2,5.9,2.5,7.4,Moderate,8
1742,24,Other,6.8,2.4,4.5,1.6,8.7,High,6
1743,21,Male,7.7,3,4.1,2.2,7,Moderate,8
1744,18,Male,9.7,3.6,4.4,0.5,5.8,Low,8
1745,24,Other,9.5,2.9,1.7,1.6,8.3,High,7
1746,23,Male,9.3,0.3,1.3,3.3,9.8,High,5
1747,18,Other,6.4,5.1,5,1.1,6.4,Moderate,6
1748,18,Male,7.8,0,6.8,3.2,6.2,Moderate,8
1749,18,Male,5.6,4.1,5.6,1.6,7.1,High,5
1750,20,Other,9.8,4.6,1,0,8.6,High,5
1751,23,Male,9.7,3.8,0.9,0.1,9.5,High,5
1752,18,Other,8,2.1,2.4,1.8,9.7,High,8
1753,21,Male,7.5,4.1,2.4,0.3,9.7,High,8
1754,22,Male,5.3,2.2,3.2,3.8,9.5,High,6
1755,18,Female,7.7,5.5,4.4,1.3,5.1,Low,9
1756,20,Female,9.5,5.3,0.4,1.1,7.7,Moderate,6
1757,24,Other,6.9,4.4,2.1,3.6,7,Moderate,7
1758,23,Female,8.7,1.4,2.5,1.8,9.6,High,8
1759,25,Other,7.5,4.1,6.9,0.4,5.1,Low,9
1760,20,Female,7.5,4.8,0.4,2.8,8.5,High,7
1761,18,Male,6,1.8,7,1.8,7.4,Moderate,7
1762,23,Other,8.9,2,5.7,1.2,6.2,Moderate,8
1763,22,Other,8.9,0.8,7.4,0.7,6.2,Moderate,8
1764,18,Male,9.1,0.2,3.8,2.5,8.4,High,6
1765,20,Other,5.7,1.7,9,1.1,6.5,High,5
1766,19,Other,8.6,1.9,3.7,1.5,8.3,High,8
1767,21,Female,5.1,0.5,9.7,2.2,6.5,High,5
1768,25,Other,9.2,4.2,1.6,0.4,8.6,High,6
1769,24,Male,7,1.2,4.4,3.3,8.1,High,7
1770,20,Female,9.7,3.9,0.4,2.3,7.7,Moderate,6
1771,23,Female,9.7,0.2,1.5,3.2,9.4,High,6
1772,25,Male,8.7,0.6,3.5,2,9.2,High,8
1773,25,Male,5.8,2.1,6.9,2.9,6.3,High,5
1774,25,Female,7.8,0.6,5.6,1.5,8.5,High,7
1775,18,Other,8.2,3.8,1.5,1.5,9,High,8
1776,21,Female,5.9,5.7,2.6,1.7,8.1,High,5
1777,18,Male,6.7,4.9,2.8,0.8,8.8,High,6
1778,23,Female,6.9,1.3,5.7,2.9,7.2,Moderate,7
1779,18,Male,6.6,2.4,2.9,3.9,8.2,High,7
1780,19,Female,5.3,6,0.5,3,9.2,High,4
1781,21,Other,8.3,2.9,0.5,3.5,8.8,High,7
1782,21,Female,5.4,4.7,3.7,0.8,9.4,High,5
1783,23,Female,9.3,3.3,1.5,0.7,9.2,High,6
1784,24,Male,6.4,3,6.7,0.8,7.1,Moderate,7
1785,19,Male,9,2.4,1.7,3.2,7.7,Moderate,9
1786,20,Male,5.4,1.5,8.3,3.5,5.3,High,5
1787,18,Female,9.4,1.3,3.2,1.6,8.5,High,7
1788,22,Other,9.6,0.9,2.3,3.5,7.7,Moderate,7
1789,18,Male,9.7,4.8,0,2.2,7.3,Moderate,6
1790,25,Male,5,2.8,9.3,0,6.9,High,5
1791,18,Female,8.4,1.8,6.3,0.1,7.4,Moderate,8
1792,20,Male,6.2,3.2,7.2,1.6,5.8,Low,8
1793,18,Other,5.8,4,6.2,2,6,High,5
1794,19,Other,8,1.6,6.8,0.3,7.3,Moderate,8
1795,19,Male,9.6,2.6,2.1,2.1,7.6,Moderate,7
1796,21,Male,6.4,4.1,0.7,3.1,9.7,High,5
1797,23,Female,9.1,0.8,3.6,3.3,7.2,Moderate,7
1798,24,Other,8.6,1.4,6.3,1.2,6.5,Moderate,8
1799,22,Other,5.9,0.6,9.6,2.9,5,High,5
1800,25,Male,9.9,4.3,2.2,0.2,7.4,Moderate,7
1801,18,Female,7.2,3.8,5.1,1.3,6.6,Moderate,8
1802,18,Other,6.9,5.2,1.6,1,9.3,High,6
1803,20,Other,8.4,0.1,5.8,1.4,8.3,High,7
1804,23,Female,9.6,1.4,0.1,3.8,9.1,High,6
1805,19,Female,7.3,4.1,3.6,1.4,7.6,Moderate,8
1806,22,Other,9.9,1.1,0.1,3.3,9.6,High,6
1807,21,Other,5.6,1.7,9.9,0.4,6.4,High,5
1808,19,Female,5,1.1,5.9,2.5,9.5,High,5
1809,25,Other,7.5,0.3,9.2,1.5,5.5,Low,9
1810,23,Male,7.5,2.6,3.8,1.9,8.2,High,8
1811,25,Male,7.6,4.2,1.5,0.9,9.8,High,8
1812,24,Female,5.4,3.7,6.1,1.9,6.9,High,5
1813,21,Female,7.7,3.2,6.1,0.6,6.4,Moderate,8
1814,24,Female,7.3,4.3,3.5,0.8,8.1,High,8
1815,20,Male,6.6,3.7,4.5,1.6,7.6,Moderate,6
1816,25,Other,9.5,0.6,6.7,1.8,5.4,Low,8
1817,20,Male,5.4,4.6,0.3,3.8,9.9,High,4
1818,18,Other,8.2,4.6,2.3,1.8,7.1,Moderate,8
1819,24,Male,5.9,2.1,8.4,2.4,5.2,High,5
1820,23,Other,5.7,0.2,11,0.4,6.7,High,5
1821,25,Male,5.6,5.7,1.5,3.8,7.4,High,5
1822,22,Female,5.5,3,4,3.3,8.2,High,6
1823,21,Male,9.2,0.3,3.7,2.3,8.5,High,6
1824,19,Other,8.1,5.3,2.3,1.4,6.9,Moderate,8
1825,23,Male,7,0.6,5.6,3.3,7.5,Moderate,8
1826,23,Male,5.3,1.3,5.8,3,8.6,High,5
1827,20,Male,5.7,0.8,8.9,2.2,6.4,High,5
1828,24,Female,7.6,0.8,5.6,3.2,6.8,Moderate,8
1829,25,Male,6.3,2.3,5.1,1.6,8.7,High,6
1830,25,Female,5.1,4.6,6.5,1.6,6.2,High,5
1831,18,Female,8.3,4.6,5,0.2,5.9,Low,9
1832,18,Male,8.5,1.5,5.1,2.9,6,Moderate,8
1833,21,Male,9.9,3.6,0.6,0.4,9.5,High,5
1834,20,Male,7.2,0.4,7,0.8,8.6,High,7
1835,23,Other,6.9,2,5.2,3,6.9,Moderate,7
1836,25,Male,5.8,4.2,7.3,1.5,5.2,High,5
1837,22,Female,6.4,1.2,8.2,2.7,5.5,Low,8
1838,20,Male,6.6,0.8,7.2,2,7.4,Moderate,6
1839,21,Other,8.9,2.9,2.6,2.7,6.9,Moderate,9
1840,21,Male,6.2,1.3,9.5,0.6,6.4,Moderate,7
1841,20,Other,9.7,0.9,3.5,2.3,7.6,Moderate,7
1842,21,Other,6.3,0.2,8.7,1,7.8,Moderate,6
1843,20,Male,5.2,1.3,8,3,6.5,High,5
1844,19,Female,6.9,1,6,2.8,7.3,Moderate,7
1845,20,Other,9.7,0.3,4.7,2.3,7,Moderate,6
1846,24,Male,6.6,4.9,4.9,0.1,7.5,Moderate,6
1847,20,Male,6.4,1.8,6.2,1.8,7.8,Moderate,7
1848,21,Female,7,4.6,0.8,1.8,9.8,High,7
1849,25,Other,6.2,4.5,4,2.2,7.1,Moderate,7
1850,24,Other,8.6,4.5,1.1,0.9,8.9,High,7
1851,21,Male,5,2.7,8.9,0.7,6.7,High,5
1852,18,Male,6.3,1.4,7,3.4,5.9,Low,8
1853,18,Female,6.1,1.6,6.9,2,7.4,Moderate,7
1854,25,Female,8.6,3.5,1.2,1.8,8.9,High,7
1855,25,Other,9.1,1.1,4.2,3.9,5.7,Low,8
1856,24,Other,7.3,4.7,3.3,3,5.7,Low,9
1857,19,Male,8.4,0.1,4.4,2.4,8.7,High,7
1858,25,Other,9.3,4.1,5.5,0.1,5,Low,8
1859,18,Female,9,1.8,4.1,2.8,6.3,Moderate,8
1860,20,Female,6.1,1.6,5.7,3.1,7.5,Moderate,7
1861,21,Male,6,3.5,4.3,4,6.2,Moderate,6
1862,18,Female,9.9,0.5,2.4,3,8.2,High,6
1863,18,Female,5.9,2.5,5.4,1.4,8.8,High,5
1864,19,Female,7,3.3,2,4,7.7,Moderate,8
1865,24,Female,8.5,5.6,1.5,1.6,6.8,Moderate,8
1866,24,Male,7.5,0.1,10.2,0.8,5.4,Low,9
1867,23,Male,5.1,1.6,8.9,2.1,6.3,High,5
1868,19,Other,7.1,4.4,0.3,2.6,9.6,High,7
1869,20,Female,5.7,4.1,4.5,0.8,8.9,High,5
1870,24,Other,9.9,1.5,1.4,2.5,8.7,High,6
1871,21,Male,6.3,4.7,4.1,3.3,5.6,Low,8
1872,25,Male,6.8,2.1,5.3,1.8,8,Moderate,7
1873,19,Male,8.4,0.9,3.5,3,8.2,High,8
1874,25,Male,8.9,3.7,1.9,2.1,7.4,Moderate,8
1875,18,Male,5.8,6,1.6,3.6,7,High,5
1876,21,Male,9.3,2.9,0,3.2,8.6,High,6
1877,21,Male,5.6,2.4,6.7,2.8,6.5,High,5
1878,18,Female,8.2,5.6,0.2,2,8,Moderate,7
1879,19,Other,9.3,2.9,4.2,2.3,5.3,Low,8
1880,18,Male,9.2,3.1,4.4,0.6,6.7,Moderate,6
1881,25,Female,8.5,0,2.6,3.2,9.7,High,8
1882,23,Female,6.4,3.1,4.2,0.7,9.6,High,6
1883,21,Other,8,0.5,8.4,0.8,6.3,Moderate,8
1884,22,Male,7.1,3.4,2.7,2.2,8.6,High,8
1885,22,Other,5.3,4,4.2,3.7,6.8,High,5
1886,25,Male,8.6,0.5,7.8,1.2,5.9,Low,9
1887,20,Female,8.6,0.3,3.1,2.9,9.1,High,8
1888,24,Female,5.1,2.2,7.3,0.2,9.2,High,5
1889,18,Female,9.6,2.3,4.2,2.2,5.7,Low,8
1890,18,Female,7.3,5.6,3.2,2.4,5.5,Low,9
1891,20,Other,5.1,2.6,9.9,0.8,5.6,High,5
1892,20,Male,7.7,0.5,5.3,2.5,8,Moderate,8
1893,25,Male,9.2,3.2,0.4,4,7.2,Moderate,6
1894,25,Other,9.4,3.4,1.1,2.7,7.4,Moderate,6
1895,20,Male,5.1,4,5,0.2,9.7,High,5
1896,21,Female,7.6,2.6,6,1.1,6.7,Moderate,8
1897,25,Male,6.9,1.5,5.3,2.7,7.6,Moderate,7
1898,23,Female,8.3,0.9,3.1,3,8.7,High,8
1899,25,Other,7.4,3.3,3.1,2.3,7.9,Moderate,8
1900,18,Male,8.7,0.8,5.5,0.4,8.6,High,7
1901,25,Other,9.8,0.3,4.7,3.9,5.3,Low,8
1902,21,Male,9.8,2.2,1.3,3.3,7.4,Moderate,6
1903,20,Female,6.6,5.5,2.7,2.4,6.8,Moderate,7
1904,18,Other,5.2,4.9,6.1,1.2,6.6,High,5
1905,25,Male,7.4,4.9,3.1,1.3,7.3,Moderate,8
1906,21,Female,5.9,3.6,6.3,1.3,6.9,High,5
1907,23,Other,5.2,3.9,4,3.5,7.4,High,5
1908,25,Other,9.6,0.7,1.4,2.9,9.4,High,5
1909,21,Male,5,1.4,10,0.1,7.5,High,5
1910,23,Male,9.5,0,8.5,0.1,5.9,Low,8
1911,20,Male,9.6,4.6,0.5,0.6,8.7,High,5
1912,25,Female,9.4,5.1,0.6,3.9,5,Low,7
1913,23,Male,9.5,1.4,3.4,1.4,8.3,High,7
1914,18,Other,6.1,3.3,4.4,0.6,9.6,High,6
1915,20,Other,6.2,0,6.5,2.5,8.8,High,6
1916,18,Male,7.6,2.5,2.8,1.6,9.5,High,8
1917,22,Male,7.6,1.9,4.2,3.1,7.2,Moderate,8
1918,19,Other,8.4,4.5,2.8,2.6,5.7,Low,9
1919,25,Female,9.7,2.6,0.6,3.6,7.5,Moderate,6
1920,23,Male,6,2.7,4.3,1.1,9.9,High,6
1921,19,Male,7.9,3.3,3.6,3.9,5.3,Low,9
1922,19,Other,8.6,2.5,5.3,2.4,5.2,Low,9
1923,23,Male,6.1,1,7.2,0.9,8.8,High,6
1924,20,Female,7.9,4,1.5,1.5,9.1,High,8
1925,25,Other,9.9,3.7,3.5,0.7,6.2,Moderate,7
1926,22,Male,6.6,1,8.1,2,6.3,Moderate,7
1927,18,Other,8.5,3,6.1,0.1,6.3,Moderate,8
1928,21,Male,5.1,1.5,8.9,3,5.5,High,5
1929,18,Male,5.4,4.9,1.3,2.9,9.5,High,4
1930,21,Male,10,0.8,2.5,2.7,8,Moderate,7
1931,18,Female,5.2,0.1,8.8,1.8,8.1,High,5
1932,23,Female,5.2,2.8,6,2.2,7.8,High,5
1933,22,Other,8.1,3.7,1,1.6,9.6,High,7
1934,25,Male,9.4,0.9,2.8,1.6,9.3,High,6
1935,21,Male,9,2.5,5.9,0.2,6.4,Moderate,8
1936,25,Female,7.8,2.1,1.3,3.3,9.5,High,7
1937,25,Male,9.6,0.7,4.7,1.6,7.4,Moderate,6
1938,25,Female,7.6,0.8,6.3,1.8,7.5,Moderate,8
1939,24,Male,5.9,0.4,9.1,1,7.6,High,5
1940,20,Other,8.4,2.2,2.4,2.9,8.1,High,8
1941,18,Male,8.2,3,4.4,1.5,6.9,Moderate,8
1942,25,Male,5.1,5.3,4.2,1.2,8.2,High,5
1943,18,Female,8.6,4.3,1.3,3.7,6.1,Moderate,7
1944,25,Male,6.5,1.9,7.3,0.7,7.6,Moderate,7
1945,21,Male,8.9,1,7.5,0.8,5.8,Low,9
1946,20,Female,5.6,3.4,3.8,1.3,9.9,High,5
1947,20,Other,8.1,1,2.3,3.1,9.5,High,8
1948,23,Other,9.8,0.8,2.1,2.9,8.4,High,6
1949,24,Female,8.5,4.7,3.5,2.2,5.1,Low,9
1950,23,Female,9.3,2.7,3.1,1.3,7.6,Moderate,7
1951,23,Female,8.9,1.3,2.5,2.3,9,High,8
1952,23,Female,7.4,1.9,6.1,0.9,7.7,Moderate,8
1953,23,Female,5.8,4.7,3.3,3.9,6.3,High,5
1954,23,Other,9.7,0.1,7.4,1.6,5.2,Low,8
1955,22,Other,9.4,0.4,4.3,2,7.9,Moderate,6
1956,20,Female,9.1,0.1,2.7,3.8,8.3,High,6
1957,23,Male,6.6,2.7,5.7,1.6,7.4,Moderate,7
1958,25,Female,9.6,2,2.1,0.4,9.9,High,7
1959,20,Male,6.8,2.5,3.3,3.3,8.1,High,7
1960,20,Female,5.5,0.6,5,3.3,9.6,High,5
1961,19,Female,8.1,0.9,7.5,0.4,7.1,Moderate,8
1962,22,Other,7.4,5.9,1.4,2.7,6.6,Moderate,7
1963,23,Male,5.2,5.1,2.9,1.4,9.4,High,5
1964,18,Male,9.5,1.3,2.8,0.9,9.5,High,7
1965,21,Other,9.8,0.2,3,1.1,9.9,High,6
1966,24,Other,8.5,1.1,6.1,0.9,7.4,Moderate,8
1967,25,Other,9.8,0.2,5.2,1,7.8,Moderate,6
1968,18,Other,7.5,5.2,3.3,0.9,7.1,Moderate,8
1969,22,Male,5.4,4.2,3.5,2.3,8.6,High,5
1970,21,Male,6.8,5.2,4,1.7,6.3,Moderate,7
1971,22,Female,5.7,4.2,6.2,2.3,5.6,High,5
1972,25,Female,7.6,2.6,2.7,3.7,7.4,Moderate,9
1973,20,Other,5.5,4.9,2.9,2.8,7.9,High,5
1974,21,Other,5.5,3.8,4.3,1.5,8.9,High,5
1975,20,Other,9.8,1,0.2,3.6,9.4,High,6
1976,25,Female,6.8,5.4,1.4,2.4,8,Moderate,6
1977,18,Female,10,2.3,2.3,1.9,7.5,Moderate,7
1978,25,Female,8.9,2.1,0.8,3.1,9.1,High,7
1979,18,Female,9.5,0.9,3.9,3.4,6.3,Moderate,7
1980,21,Female,5.3,4.5,3.8,2.2,8.2,High,5
1981,21,Female,7.5,3,3.4,2.6,7.5,Moderate,9
1982,23,Female,9.9,0.9,6.6,0.8,5.8,Low,8
1983,22,Other,8.1,0.9,6.3,2.4,6.3,Moderate,8
1984,23,Other,9.7,5,1.9,1.2,6.2,Moderate,7
1985,22,Other,7.1,3.4,4.7,0.3,8.5,High,7
1986,23,Other,8.9,4.9,0.9,1.3,8,Moderate,7
1987,20,Female,5.5,5,3.5,3.4,6.6,High,5
1988,21,Male,6.4,3,3.6,1.5,9.5,High,7
1989,18,Female,8.5,4.6,2.2,1.4,7.3,Moderate,8
1990,22,Male,7.4,6,0.9,2.7,7,Moderate,7
1991,25,Other,9.2,2.2,0.2,3.8,8.6,High,6
1992,22,Female,5.1,3.1,8,1.5,6.3,High,5
1993,18,Other,9.9,4.1,0.4,2.1,7.5,Moderate,6
1994,23,Female,9,3.1,3.4,1.4,7.1,Moderate,8
1995,22,Other,9,0.5,3.2,3.4,7.9,Moderate,8
1996,24,Male,7.4,2.1,7.8,0.2,6.5,Moderate,8
1997,20,Male,8.8,1.5,4.6,2.8,6.3,Moderate,8
1998,21,Male,6.2,0.8,10.8,0,6.2,Moderate,6
1999,18,Female,7.6,3.5,4.1,0.7,8.1,High,7
2000,21,Male,7.3,3.1,2.9,1.7,9,High,8
